dQ_3.5V,dQ_3.45V,dQ_3.4V,dQ_3.35V,dQ_3.3V,dQ_3.25V,dQ_3.2V,dQ_3.15V,dQ_3.1V,Q_slope_cyc2,Q_slope_cyc10,Q_slope_cyc50,Q_slope_cyc99,TTI_first10,TTI_last10,TTI_slope,EE_last10,EE_delta,CE_mean,CE_slope,ID_clean
-7.09241763e-05,-0.00026881332636923385,-0.0002705079853499593,5.1737590279933056e-05,0.00010971270824673869,0.00035869078434261695,0.002000679211635971,0.04090315269090336,0.052692178381703925,0.04145054014690523,0.04349652303905344,0.04197948561138409,0.03579357954904077,5665.337160644531,1938.9640861002604,-22.09787030280174,0.8606665559451268,0.05352046879003214,1.0036374967949953,-0.00021685087852507884,FastCharge_000000_CH19
5.6367406696089455e-05,-0.00062175665,-0.00032861019999999965,-0.000557579600000001,-0.00038730757879175924,-0.000515898895263562,-0.0012408937978643994,0.013445626619873474,0.02521314566531252,0.051446007288148216,0.05261758912493467,0.05186541786049531,0.04909523434892998,6862.078845621744,1502.888468424479,-32.2329514537391,0.8756914587557418,0.04541145975738359,1.0048600139396455,-0.0002754490749468305,FastCharge_000001_CH30
1.220661e-06,-0.0005324134899999997,-0.0001791508696977421,-0.00032226652389752506,-0.0002574217805531142,-0.0005040354464846998,-0.002111857210094485,-0.010729614626279027,0.0008865464236592624,0.048367620120654736,0.050959956775110095,0.050963747269158005,0.04888591148668109,6944.467848307291,1547.823752034505,-32.123397934642085,0.8749780388594225,0.04439249853344707,1.0046420906751212,-0.00027788523452752095,FastCharge_000002_CH18
0.0,0.0,0.0,0.0,0.0,0.0,0.0,0.0,0.0,0.0,0.0,0.0,0.0,53666.28388264975,53666.28388264975,0.0,1.2878026757632968,0.0,1.4632744611150805,0.0,FastCharge_000002_CH26
2.7110798999999995e-05,0.0001791271000000001,-0.0005140266208852324,-0.00027375033681121055,-0.00035409685173965096,-0.0007460844403227307,-0.003103439650098412,-0.015453128456416693,-0.0015334875828119654,0.045868125138789774,0.04841467375717957,0.04857756774022691,0.04684796381143037,6851.172712809246,1569.6254752604166,-31.34643179623137,0.8746260816517474,0.043960429317848826,1.0047157932956081,-0.0002825344916008252,FastCharge_000002_CH34
-8.119373000000017e-07,-1.0851999999999997e-05,-0.0001712660508906079,-0.00024320623441759226,-0.00043253005557246545,-0.0008111463203077894,-0.00382618332767478,-0.017116775803311945,-0.003359127061017153,0.04990865277197544,0.051963765280571964,0.05219378548427246,0.05111913288104648,6755.913828531901,1429.1952457682291,-31.801572966549564,0.880550451268082,0.04126079767824842,1.0046505601448323,-0.0002759005551330964,FastCharge_000002_CH42
-7.0107663e-05,-2.550416421525075e-05,0.0004990965918927085,0.0003674048934615478,-0.00018112439955871897,-0.0002777415061355898,-0.0010703244653350735,-0.018572936849147376,-0.017636179825416876,0.046248130574187224,0.047947413286961144,0.04757584493666209,0.048409640161162504,6838.996878255208,1606.5433459472656,-30.931814237478424,0.8769360059142901,0.04181475415512015,1.0048572859219715,-0.00027774132681757606,FastCharge_000002_CH7
-6.86361297e-05,-0.00033328962716716473,8.068793791366413e-05,0.00025159577687880377,7.574275969288863e-05,0.00015043539861964855,0.000564756162819792,0.005975437499702113,0.012948781519882158,0.0424815976734934,0.04368298172946299,0.043389509769510205,0.041283883872651916,5845.7709501866675,1682.2202754133334,-24.783370105829775,0.8671022465604834,0.04824620281222858,1.0045452859821675,-0.00026796812395008966,FastCharge_000003_CH39
-1.1035272e-06,-0.00044723635000000006,-1.2571246929160562e-05,0.0005590490981585748,0.0001716849752435804,0.0003897730477945664,0.0015106438970431818,0.017948743733402772,0.02434057026535208,0.046266580541889965,0.04749594483678392,0.047021197392698014,0.043676050714256676,5812.125312320001,1660.0485672533334,-24.61295583834222,0.8705123460403232,0.04970420733068592,1.0046097790132327,-0.0002692495037862185,FastCharge_000003_CH40
-7.44625373e-05,0.000754088195374468,0.00026599425358689744,0.00021205761911935895,0.0014615226188169645,0.0025357711020577607,0.008158898236628402,0.07311869503425786,0.06358439315638009,0.0451017308553254,0.041968067481856074,0.04453689632944936,0.03693775144298553,2107.782852376302,1563.2611193847656,-3.4035390576655233,0.8766235132879274,0.015875211793331734,1.0012897662655604,-6.875551429816857e-05,FastCharge_000004_CH1
-1.3089079999999853e-06,-8.835909999999991e-05,0.00027615632756011754,0.0004279572821491752,-0.0007079997289463,-0.0011798995973481656,-0.0029459555801007176,0.004083838669531381,0.04103790035132432,0.044259052731970186,0.04377063420967664,0.043997054474471414,0.04144869690445231,2277.7577559407555,1630.7600325520834,-4.154117794933793,0.878473018971027,0.13910849296721794,1.0153574467278907,-0.0008958111344781011,FastCharge_000004_CH2
-0.00010475498459999998,-0.0005256085000000001,0.000994669495256274,0.0014989787590206222,0.0010035033859085232,0.0018814234037470012,0.007071711369659249,0.05026908054013604,0.01880485348599903,0.04847852451967788,0.050898646514755286,0.04828014879746773,0.04446920736307226,2358.1150712076824,1666.6107779947918,-4.453490744411344,0.8807158696706757,0.07739096634219977,1.0085302801998937,-0.00048698758317999613,FastCharge_000004_CH3
3.7534511600000004e-05,0.00049720217,0.0003911817923165743,0.00016678223180854271,0.00037008401972457236,0.0007323433719816051,0.0032136270078116508,0.03079022697069475,0.0266168530316791,0.04246149373994648,0.0458500257628077,0.04428376288648925,0.03907138040572041,5655.657219645183,1979.9346598307293,-21.72659837592645,0.8629990058729827,0.05354126673712478,1.0035462724063786,-0.0002153170339513376,FastCharge_000005_CH18
-1.3684026000000021e-06,-0.00017360662,-3.893510000000039e-05,-6.20158000000006e-05,-0.0003921718473353913,-0.0007419257259701009,-0.0034874304958286695,-0.01294227971587597,0.0009013749998506571,0.05135799393630491,0.05327190227732635,0.05365136980366702,0.05206252637622911,6847.857982991535,1558.9982580566407,-31.55978901151833,0.8803471389148789,0.04285419453658901,1.005030886733715,-0.00027726526895474065,FastCharge_000006_CH11
-2.3886243000000004e-06,0.00014178181000000002,7.613337917621813e-05,9.335321577203046e-05,-0.0002809496898106556,-0.0002478377787575939,-0.0009158985402809294,-0.005655585373082417,0.004477562866973206,0.050255929584627324,0.05190301573874104,0.05210390435910305,0.050285888758253953,6963.554134928386,1651.0464973958328,-31.466969237744053,0.8776949113261454,0.04474852776670035,1.0048091270652844,-0.00027930182739178164,FastCharge_000006_CH35
4.854328999999998e-06,3.75553999999998e-05,-0.00011772204904731375,-0.0001725079660585046,-0.000298864297089748,-0.0005836995348968074,-0.002258019582851864,-0.009621963199963002,0.0019496515653605329,0.05015105039542965,0.05257968755941473,0.05253723307593339,0.05058256962027791,6956.315451660157,1496.020847167969,-32.543657783454115,0.8779347524431147,0.039336342817519965,1.0044662753837654,-0.00024768638480277894,FastCharge_000006_CH3
-0.00011498380169999999,-0.0001257035999602614,-0.0005980658157932598,-0.0009338323848144085,-0.00032050108521689685,-0.0006249207884121283,-0.0027253624951585204,-0.010866137098338058,0.002254255148615103,0.050338187418522695,0.05192369348422541,0.05210093327632422,0.05078302119279271,6904.228080647787,1554.8875773111977,-31.908732778526858,0.8794339201520263,0.042131634190824,1.004649050968046,-0.0002750395417848829,FastCharge_000006_CH43
0.0001910043917,-0.0006790351293029678,0.00013127205803651135,0.0002630416254760827,-0.0005684485196997425,-0.0010396195781404577,-0.00452610452965773,-0.023670045682273516,-0.010115605598735089,0.044983116632635975,0.04683363219848744,0.04750778952527334,0.04699673139929693,6652.439356689453,1423.5499951171876,-31.29876273967727,0.8762517164481339,0.041443759922585754,1.0048452984945089,-0.0002776082057650201,FastCharge_000006_CH48
-4.203856199999999e-05,-0.00016518040000000015,0.00014226745815242546,-7.793296128128825e-05,-0.00012464070476662058,-0.00020603259930937132,-0.0009336690408026441,-0.00349401786192316,0.006814718272924014,0.04826862374812568,0.049795231763549275,0.05026521499630254,0.04801594804282587,6820.723196207682,1559.9417358398434,-31.3186543369913,0.8754453634243268,0.045010181259514837,1.0049432568774253,-0.0002797153134995524,FastCharge_000006_CH8
0.0001432528201,-0.00017253607740918663,4.942277115383125e-05,0.0002110345509836976,0.0003147746152464062,0.0006513217669067463,0.0028738910302747098,0.03072164113287082,0.04153042298395182,0.04547878149358545,0.04664246483101532,0.044068072383846794,0.04107344089324526,5836.441799723308,1658.4264302571617,-24.754604871204872,0.8614078841888674,0.052924663217093104,1.0045156481081288,-0.0002656074150922767,FastCharge_000008_CH47
3.7674332599999997e-05,0.00014508128719877315,4.6089099999999626e-05,8.36652999999998e-05,0.0003511142415344743,0.0009231527065139099,0.0032482524201445165,0.03408530356781456,0.04042105528369955,0.04622457130160171,0.04709609164984254,0.044865016614445155,0.041714604556717584,5824.922474986668,1674.2577065600003,-24.59715375568916,0.8617132470294259,0.05356451201731727,1.0047540696903248,-0.000267676736803009,FastCharge_000008_CH48
-5.607867000000002e-07,-4.881708000000005e-05,0.000407710549375048,-0.0005812428814330898,0.00030426271388844794,0.0006473130331485707,0.0027864198927336076,0.02892781504290942,0.026070544638366555,0.05153750093807346,0.05057163059017381,0.05021266553893835,0.04825082939356857,5575.607477213542,1807.2207165527343,-22.442461219095517,0.8698131309826278,0.05146904704491073,1.0037666891978,-0.0002101283857446909,FastCharge_000009_CH4
8.514071e-05,-6.925876134099653e-05,-1.3847400000000128e-05,0.00012989141449936022,-1.2089548947331885e-05,6.397690083216612e-05,0.0010065850552846145,0.02247959589978013,0.0343519440023467,0.04318040197109294,0.04538931141387646,0.044029799103533274,0.0397355898452654,5454.404333089193,1767.1868872070313,-22.452027771429467,0.8620821692769542,0.0531890157208027,1.0037276189119526,-0.00021017420810366487,FastCharge_000009_CH7
-1.6728257000000008e-06,8.274759999999997e-05,-0.0004292419507700841,-3.3214977814464974e-05,3.7055834084028655e-06,8.376842558087405e-05,0.0007422467837019872,0.022671535820306288,0.035332371353709036,0.042034001212284025,0.04597543167508716,0.04407938248854732,0.03850795950810246,5553.68504313151,1895.7202783203127,-21.670605678463325,0.8623105910333031,0.05353044056266398,1.0036220110858165,-0.0002103331502791276,FastCharge_000009_CH8
6.549663556258064e-05,-0.00027499024999999994,-7.028195174471228e-05,0.0008404095736760557,0.00011628488581860198,0.0005531402472994384,0.00249788450574049,0.031611137745495094,0.04165135040013174,0.04349205444409007,0.04471188303753366,0.04224447874868685,0.03904454006686747,5686.81819132487,1989.833379313151,-21.913025239462403,0.8609646093515548,0.05514846405128937,1.0037287301137083,-0.0002141517839342601,FastCharge_000010_CH44
0.00022000467335922557,-5.0622119999999904e-05,-0.00030442932605107735,-0.00019995235929274376,0.0001363056166524268,0.00034343274046315375,0.001759274099007474,0.02136828396666665,0.027824350781450014,0.04872422288460272,0.05110904928722751,0.04955204598134503,0.045735141307232115,5707.458057454428,2014.7189583333334,-21.792213672294963,0.8704330821448204,0.050832048348929626,1.0040580291498038,-0.00021311438072230742,FastCharge_000011_CH26
2.7607798999999997e-05,4.911226209072415e-05,-0.000683694942538603,-0.0006435940041361115,-0.00015304432554352765,-0.00023055751232960164,-0.0007687370482692829,-0.001146989542262361,0.010301960130084331,0.04831679313501043,0.050116310410233046,0.049993788759205876,0.04768759219848338,7047.131247151692,1562.1025846354164,-32.68034033117665,0.8732325183720615,0.04581940154541875,1.0048398110231438,-0.00027595552726224817,FastCharge_000012_CH21
1.4442192600000003e-05,-0.0005493082774364656,0.00035172922758247875,-0.0001565628624297889,-0.00040875438687015993,-0.0007603101669952893,-0.002227934728412914,-0.023201005415504766,-0.009150781582260903,0.03988716057541968,0.04252754905230914,0.04302718231614146,0.04172681160425643,6875.376127929689,1508.5710054524739,-31.962536271669148,0.8711497015008132,0.043446622802413515,1.0050141278408693,-0.0002780846120617118,FastCharge_000012_CH5
-1.8450101e-06,-0.00035310965,-0.00021539690795718998,-0.0002763962187366815,9.924575753087611e-05,0.00016483077088217182,0.0010905846185210039,0.009382271480136595,0.01479554388183324,0.04892181880594734,0.050374147794734134,0.04917691162224371,0.047397670655935364,2377.3497058105468,1729.6643314615885,-9.856484010070924,0.8779523899543948,0.046098309237932567,1.0051211812822853,-0.000263837011306046,FastCharge_000013_CH13
0.00015828648169999998,-0.00055382873,-0.0003485686382227399,0.00025357479108689424,-0.00024999322244306267,-0.0004684368241166144,-0.001838333698637666,-0.007601333472206623,0.004898511492545665,0.0468617144549651,0.049115461005377725,0.048483478091560235,0.046959767053619594,2351.768119710287,1706.9705940755207,-9.76086481350772,0.8770959978531389,0.04531140675210332,1.0050639013872036,-0.0002690869172603859,FastCharge_000013_CH14
-2.4468621000000012e-05,0.00016887676777140677,0.00036690180317219215,0.0004292525698666788,-0.00013989027001926405,-0.0002462138176465116,-0.000548461672590414,-0.001825888210963078,0.007385471625780293,0.04557514900557096,0.04719850897689054,0.04639274557947046,0.04522266112703965,2264.158607991537,1635.5810563151042,-9.260688806258548,0.8705992629488362,0.04564195919557956,1.0049417472678532,-0.00025904417091289305,FastCharge_000014_CH23
-0.00020275632900000002,0.0008618454378612934,-0.000345582652311288,-0.00017014851304351063,-2.380973592771944e-05,-4.656293245446086e-05,0.0002464328836504284,0.004379553225128507,0.013356120571497043,0.044455478094124624,0.045827603297111774,0.04504762728274597,0.04335387396718624,5608.36284016927,1628.7199393717449,-23.573334407781577,0.8692682965762545,0.04175471478397774,1.0041370056852899,-0.00023077903588702734,FastCharge_000014_CH24
5.8039107199999994e-05,0.00017355064811081823,-5.879604408114917e-05,-0.0001549155869122144,-0.00022858201150568157,-0.0004084269072609538,-0.0021351872005651445,-0.0037324585983813385,0.007312716909908201,0.05410082692950054,0.05541545964983257,0.05560593427740044,0.053885920432199884,6918.959420572915,1574.653614908854,-31.911226608696012,0.8823780872625685,0.043194515324567084,1.0048141401488704,-0.00027973607264757854,FastCharge_000015_CH28
-2.2449402999999987e-06,-0.00045948685412044933,-0.0005458574443003785,-0.0002996104632598815,-0.00020186518145689364,-0.000333331973212031,-0.0015368233402912046,-0.003749205042678838,0.0065441162877063475,0.05445728724700513,0.05611666134841305,0.05641182073321344,0.054218943296264865,7011.074003092447,1673.5879231770832,-31.676299067284635,0.8815614937102287,0.0441949602406988,1.0048301044526535,-0.00027978175559906937,FastCharge_000015_CH36
8.546202600000001e-06,0.00017428851999999996,0.0001652975513151537,0.0001818196065397756,-0.00031874488177139823,-0.0006165184170828369,-0.002439443899532996,-0.008401433570482175,0.005248388256522629,0.05107900370021581,0.052632503990303774,0.052821877792290084,0.05125859734990038,6935.706366373697,1553.5646614583331,-32.188253859858634,0.8803281258194398,0.042765222937396374,1.0048370054690685,-0.0002780362745282017,FastCharge_000015_CH44
-2.58481884e-05,0.0001588910999999998,-1.83534394513807e-05,0.00037254359251568704,-0.000489129614036788,-0.0009092083223379496,-0.0031163107938606133,-0.018360128849512353,-0.006914130184004552,0.04667379767124696,0.049688172503647106,0.04978274637222874,0.04818359524549075,7030.346988118489,1581.42568766276,-32.455050332254885,0.8764478068024205,0.04265623448730682,1.004962249808171,-0.00027967263673848444,FastCharge_000015_CH4
5.3473566544132254e-05,-0.00037591309999999994,6.892290202575781e-05,-0.00036638130000000123,-0.00023077682911936195,-8.949294326988586e-05,0.0005322156243179957,0.023577812583788244,0.04038156503228185,0.04223989829793446,0.049367689368096615,0.047584744786550594,0.038333614686007295,5577.161218668621,1889.5694510904948,-21.788067135595387,0.8648137111332044,0.052216736117780105,1.0038684055509806,-0.00020772371891583313,FastCharge_000016_CH17
-0.00019570993399999997,0.0005246959911121057,-0.000671069609080339,-0.0009111400814618056,-0.00021406594174113065,-0.00043983731247547453,-0.002083833410905983,-0.01253147175680025,-0.0014473558697915,0.05073809394314848,0.052613320568984816,0.05345869661458136,0.05151358247350794,6802.20262532552,1562.4241613769532,-31.29389395614365,0.8832688555844784,0.04260126696705968,1.004803628983582,-0.0002752734571293951,FastCharge_000017_CH17
6.866480699999999e-05,0.00011349617717573029,-0.0007488187872470922,-0.0007162462871209505,-0.00044768461613065545,-0.0008493153920425128,-0.003583796302427507,-0.020334474564880467,-0.005772528244153086,0.0469138685699008,0.049553630334702344,0.0501782229562933,0.048422397046001854,1696.9355806477865,1534.5947420247398,-1.0268051429166412,0.879467333133048,0.04345506190499826,1.0050014911553218,-0.00028173859567605895,FastCharge_000017_CH1
-6.100864299999999e-09,-0.00016569976593795255,-0.0005894633570086749,-0.0005194602052979976,-0.00047000538058590384,-0.0008941981843682868,-0.004605624479497757,-0.02525588622727587,-0.014685503043952886,0.052614978801801236,0.05407623595996271,0.055450249624394016,0.05498863892480816,6827.185289306642,1596.2885253906247,-31.230044375140633,0.8879426570196098,0.03967542551928149,1.0043779151286827,-0.00027497643810932374,FastCharge_000017_CH41
-0.0002573983008027018,0.00024008342999999978,-0.00032854433318969074,-1.3956197847358152e-05,-0.0004632284690443255,-0.0007983810970617344,-0.002723488448573931,-0.03401579241124883,-0.031025373874826956,0.04526902971065055,0.04718591568135194,0.04843171748380258,0.04912592709314766,6854.271284993489,1593.7653076171875,-31.23237271691036,0.8825043131514734,0.03908555377531353,1.0048086555399063,-0.00028319397832992694,FastCharge_000017_CH6
-0.00020103267909999997,-0.0004474540031942201,0.0005259245999999994,-0.00031462456576772727,-0.00023755014325460046,-0.0006434446195681745,-0.002579341982695313,-0.015922059514796527,-0.0027275456604367587,0.04954455651276125,0.05158620346871755,0.05238493686313136,0.050595710207417,6652.839720865884,1530.038470458984,-30.544987419029965,0.8817908244940977,0.04263685900562986,1.0048184493789905,-0.00027718333103180957,FastCharge_000017_CH9
0.000268591375,-0.0007696122991352885,0.0005096451,0.0002065329874148033,8.890562443914125e-05,0.0003260283090764267,0.0015742645427596971,0.022493114976792322,0.03399618882151345,0.04712986463548465,0.047990103680524095,0.045893482700064034,0.04368074287180101,5767.6670096842445,1672.5394669596353,-24.26309191309754,0.8666081797732013,0.047800779756868916,1.004362894821267,-0.0002531638335397842,FastCharge_000018_CH18
2.616202000000006e-07,-0.00016416597,-7.536973052589763e-05,0.0008059644168436648,0.00029733779802492213,0.0006329500324125797,0.0026202461874487784,0.025558697393103125,0.03019038296965132,0.04947759819791746,0.050589812983363985,0.048759136216753915,0.046091809982273586,5931.617858560001,1688.1049155199998,-25.190406068485235,0.8697082501115189,0.04980659760370154,1.0048765484192892,-0.0002667282042124456,FastCharge_000019_CH29
-0.0001514488283,-0.00038046094275982366,3.296810000000001e-05,9.399801141753844e-05,8.815712705323789e-05,0.00022725630114261638,0.0013375521236217436,0.015637124363633348,0.024127709146780474,0.04806415056281982,0.049347150704937295,0.04791235736662144,0.04559895366021199,5945.332128499351,1718.9842110188802,-25.04933290540968,0.8687401579519889,0.04950283408862599,1.0048922103652087,-0.00026393136992712915,FastCharge_000019_CH30
0.0001741191737,-0.0006879693930168464,0.00026449470000000034,0.0004838054945984797,8.228826001120682e-06,0.00017366066660557192,0.0011565045988776793,0.025199801181149006,0.03592778609890468,0.044698616171415656,0.04717196345374131,0.04371129523271023,0.04099608526486433,5619.940975748698,1932.3439078776041,-21.86188494855345,0.8641267871103884,0.053621168316871914,1.0038559660517261,-0.00021374689971318583,FastCharge_000020_CH23
-3.755116999999997e-07,5.391076999999996e-05,-0.0002535669056173222,0.0008316330989772197,0.0001338201475653781,0.0004750402527340068,0.002705331435853525,0.03951175823821837,0.04857767882186276,0.046147712795665416,0.04697525633612482,0.04431359565310872,0.040843596736072005,5678.2113236490895,1985.903506673177,-22.01477099223594,0.8632409077849319,0.05370271412276506,1.0036099543800463,-0.00021256691441989028,FastCharge_000021_CH28
1.4799390000000043e-07,-0.00030221714,4.036409239544913e-05,0.0006001238296485514,-5.980127145708766e-05,-3.7624875807839436e-05,0.00048794208427649366,0.015248342199117193,0.027343087438065572,0.0451165843409875,0.0483987423837723,0.04726038852944348,0.0425119036231155,5572.9872375488285,1920.9168566894527,-21.633114639564546,0.8658427733878857,0.05213218694060551,1.003777413943791,-0.000211455808508208,FastCharge_000022_CH24
-4.05742819e-05,-0.0002410500587376927,0.0007839821377448155,0.0006793825275100878,0.00026113782603143405,0.0005649810885625974,0.0024398241254761435,0.023797278951841278,0.028123412089679944,0.04926870909400085,0.05044568335815334,0.049312905185313484,0.04613590550975797,5900.963934293335,1679.2397048533337,-25.049237792355225,0.8721820463967195,0.05029911943726806,1.004747547251481,-0.0002683775134560474,FastCharge_000023_CH37
-0.0002830936911,0.00036822300061120574,-7.694085842509463e-05,0.00010858160323655441,0.0002272954111369463,0.0005447074311821787,0.002447368463067902,0.02517135879147009,0.030232732703465215,0.04924580472618154,0.0500273876286544,0.049349377323584,0.0458798471024854,5920.041382506667,1725.0325207466667,-24.881549455732763,0.8725081472337706,0.04893124923369008,1.0045925086725627,-0.0002642138177880856,FastCharge_000023_CH38
0.00031273354170000006,-0.00014427432000000003,-0.0002941457853153952,-0.00021911137734612757,0.00014988950978341367,0.00039280555461358377,0.0023212741817918367,0.024909573380544114,0.03745644792143232,0.046430830878211586,0.04650737809320576,0.04514833126343823,0.04260451158676599,5675.904257405599,1989.4762341308592,-21.772766542523392,0.8624157489087103,0.0541880796184524,1.003661740734526,-0.0002113960933352476,FastCharge_000024_CH45
3.779147610000001e-05,5.1525900000000055e-05,-0.0004071822833229726,0.00013332630000000012,-2.8381444134431555e-05,-3.0291835594130345e-05,-4.46850459008552e-06,-2.1084887652289552e-05,0.006239595161144806,0.044194630008931646,0.04579461953258931,0.04517350116966957,0.0437741101456134,2215.5799426269527,1593.4470263671876,-9.021753706181164,0.87306632586104,0.04439974883705722,1.0044747813372645,-0.00025615158669690984,FastCharge_000025_CH7
-1.1106349e-06,0.00010427849999999992,0.0004400749063829391,0.0014029597351407066,0.0021212721544496375,0.003994133824063752,0.009727931331750553,0.060984080637722954,0.08624028554203494,0.03674330539724297,0.03772468434705268,0.032910650856098976,0.02759710742956685,1914.7148986816405,1283.6708223470055,-4.510562042483543,0.8519314362264195,0.015525395888448812,0.999895518111717,-3.13371414259285e-06,FastCharge_000026_CH5
-4.08951871e-05,-0.0004924422234037322,-0.00034702391799874485,0.0002719859345993959,-0.0007670943007290747,-0.0013865074322542761,-0.0029857762823625594,-0.013110657895770789,-0.003219142204476444,0.036319685222577884,0.04058824394579527,0.03799241219981541,0.03727807910894768,2143.833129475912,1462.1694181315102,-4.213061901429392,0.8662122214202064,0.1364609587738106,1.0148882865011024,-0.0008732033396955601,FastCharge_000026_CH6
0.000206992696,-0.0006599060500526589,0.00045774246058413433,0.000266057776334986,-9.297324251730972e-05,-7.248157502205352e-05,0.00025468685366412946,0.014595798375372865,0.026174121634705005,0.04567513164614692,0.04750517998612347,0.04656003317716032,0.04319361533838193,5569.9708105468735,1944.3903670247394,-21.510576125434802,0.8669879967259568,0.05052099856098058,1.0036782707636958,-0.00020930836557929279,FastCharge_000027_CH31
5.8732400000000603e-08,8.639199000000006e-05,-0.00018392321429680633,0.0007956239076164478,6.0362633027751314e-05,0.00020717870946971792,0.001225073159243216,0.009874866079653044,0.01629475447975892,0.048186164443448476,0.04937350333720724,0.04815576280423402,0.046573268563326345,5796.924045817058,1669.7632706705729,-24.5103404864168,0.8753998282202105,0.045054898105201024,1.00455370553893,-0.0002527884719048904,FastCharge_000028_CH19
-0.0001104699117,-0.0003087028301853034,-1.6374272555404884e-05,0.0002626605016859667,-5.676268518923708e-05,5.0643257192901914e-05,0.0005531226556485108,0.007702406392810196,0.013185329083365782,0.04951411740353351,0.05093048056246363,0.05006929844243184,0.04821172573251411,5813.864646809895,1691.8247428385416,-24.45610216959194,0.8771639142998702,0.049428713658747125,1.0052269034383654,-0.00029522443053549416,FastCharge_000028_CH20
3.7484383499999995e-05,0.00041077488132036167,-0.00037470304285908704,0.00044586394762237153,-0.00013122458153718222,-0.00023840044917682393,-0.00022669165794077933,0.012524129421959185,0.020238831834649085,0.04478799789750976,0.046830072406541426,0.04484252287724591,0.04284204436751725,2277.617973225911,1637.2954459635416,-9.259646092270359,0.8694282290200425,0.04725640691199673,1.004874204512577,-0.0002621455041929628,FastCharge_000029_CH10
4.7571932e-05,6.7457320676953675e-06,-0.00085770540500786,2.1239299999999822e-05,-7.955817045318322e-05,0.00011446249193691055,0.0016092631042969874,0.02289210648083742,0.027148396039997413,0.051512481407687744,0.052763736672061745,0.050545978823481975,0.0484777057595403,2253.5119490559896,1622.7338793945314,-9.267088048673033,0.8732912063742241,0.04678894773984121,1.0045772127419759,-0.000255892527455166,FastCharge_000029_CH9
-0.0002939726482,0.0007220135,-4.645539149447046e-06,-0.0005135983999999998,0.00011867343507315081,0.00039702799649427717,0.002015030413795006,0.031309965218171226,0.03863487560563039,0.04913684496838855,0.05024604205238328,0.04812793761817348,0.044929691193851574,5630.6750187174475,1978.8320979817713,-21.600858195438672,0.867942936241642,0.051957420026529255,1.0036964233691144,-0.0002114212927197632,FastCharge_000030_CH30
5.9392432e-06,-0.0003230183499999999,0.0005546819917127627,0.00023677519916275036,0.0005914611413811097,0.0012636985040823528,0.004783627732238928,0.07529554788890241,0.1042176786739889,0.04200803369112056,0.048944297762420354,0.044332163096403795,0.031121575837356644,5368.34088256836,1808.9876509602866,-21.001146132875007,0.844431789133899,0.0675171437148041,1.0036726798323308,-0.00021738492244796273,FastCharge_000031_CH9
-1.4097344999999996e-06,-2.532092000000002e-05,0.00017638216543025293,0.00044534024000805056,1.3152140895160772e-05,0.00015801713263873668,0.001557922496190689,0.02694293535207004,0.03920992065325285,0.04904530366967886,0.04963915233884326,0.047567036767719076,0.045041539537655974,5647.741337890625,1923.9856245930991,-22.135960659322745,0.8669957300238114,0.051426997271518005,1.0035580913147397,-0.000206016175213422,FastCharge_000032_CH22
-5.5207889000000014e-05,4.835363669913602e-05,-2.487799999999641e-06,1.8971500000000176e-05,0.00014118459567437867,0.000381426206925245,0.0022543216320669857,0.030765538960802086,0.03459081757541571,0.049172230550681456,0.04871847744384063,0.04745639374849983,0.04524536836066427,5577.696247558593,1928.017240397135,-21.69099711982915,0.8676478860253025,0.05188781247748331,1.0040349038175989,-0.00021194739113189793,FastCharge_000033_CH14
1.1949191799999999e-05,0.0003586306500000001,-0.0001212738835872397,-6.475947696278975e-05,-7.278026721956217e-05,-4.760283414532995e-05,0.0007119333848834841,0.01894177431139657,0.03148036932302373,0.04637165134901806,0.04752675238523594,0.04626480449027445,0.04331653997087068,5652.026881103515,1985.1866853841143,-21.757004429520087,0.8672797590378046,0.05210601098609635,1.0045083259522347,-0.000212064417231042,FastCharge_000034_CH27
-7.573609999999992e-06,0.0007180220565059787,0.00020797062607848032,0.00041312341009528634,0.000589226081511492,0.0014418749267405412,0.005793103611105757,0.07497346062240867,0.0933829158069821,0.044447749384572466,0.04576774130855064,0.04188666868311968,0.03430562787036686,5662.718127441407,2012.6730212402344,-21.53252841922373,0.8522060474833795,0.06285771334055501,1.0042247916715166,-0.00021488005989429032,FastCharge_000035_CH12
1.8974765000000008e-06,0.00031023391,-0.0002909886516492201,-0.000354830126898964,-0.0001430271541366275,-0.0003157471915788204,-0.0008653360021969453,-0.004888055936068142,0.0021193830770712685,0.03636952368905313,0.03814019040431585,0.038077455702418626,0.036506766004081384,5428.424157714844,1874.6405566406247,-21.263677452095784,0.8591682069237636,0.04759678658061439,1.0039920911211593,-0.00021679686525455223,FastCharge_000036_CH48
-6.582162049999999e-05,-0.00048689649577597876,0.0005966489999999999,0.0001221218954821409,2.220487758721086e-05,3.6516371827603755e-05,0.0004168999696884529,0.006478745877467523,0.012159534836918229,0.05007067854070251,0.05111176223498007,0.05026238416785195,0.04891479105128373,5830.514722086587,1712.1497733561202,-24.457117121111494,0.8764280346343669,0.0463268817272966,1.0047879662027643,-0.00026385711074680587,FastCharge_000037_CH21
-0.00018865815270000002,0.00026905387347930473,0.00039657509999999974,-0.0007656459114566503,-3.240684039219205e-05,-4.4364962804261526e-05,0.00010689675632114676,0.003003250645860489,0.011311634538698379,0.04439312576195562,0.04581092978085822,0.04503596849496633,0.04348736433955509,5701.18615559896,1650.36994913737,-24.03598462216827,0.8718243509893977,0.04653334472648607,1.0046462609166846,-0.00026387613309347663,FastCharge_000037_CH22
-3.5488776999999995e-05,-6.87820999999999e-05,-6.280929648116475e-05,0.00048116531032667796,-7.65476645880215e-05,0.00011416778138364364,0.0019008397661713083,0.04016302725030951,0.053084830672054106,0.049930637199439694,0.05043841904400901,0.04848457644443512,0.04431835375871458,5651.83048461914,1982.1807478841147,-21.750291324713523,0.8663120149269327,0.05312752101136431,1.0041605762830965,-0.00020996497349102372,FastCharge_000038_CH13
0.0001511175947,0.00011777484132792439,0.0001369397587778565,-0.000497254046823741,0.00020583244863256293,0.0004633808345395722,0.0016104354950255,0.017391979474738084,0.02077723886428262,0.04871169969751684,0.04997863678803755,0.04839918281073669,0.04640778760864318,6015.889715169271,1752.1226603190105,-25.272049717105478,0.8740082441529718,0.048291829356799654,1.0052980102560307,-0.0002676846437042324,FastCharge_000039_CH27
-1.0795878999999995e-06,4.868994999999998e-05,-8.150135106972656e-05,-0.0003139298761358411,0.0001536229003446972,0.00036596812779024837,0.0014925845702847204,0.012977189593096017,0.019956262360902643,0.048949036890525925,0.050332511474045175,0.048873226603704474,0.04690832128100704,5947.155889485677,1689.8295642089845,-25.34511430496076,0.8741693671021753,0.047968584982353124,1.0047103807143818,-0.0002671130966232896,FastCharge_000039_CH28
0.00030548077099999996,-0.0004050817799999999,-0.00023860088961288146,0.0006495014491165272,-0.00011507229277305832,-0.00011615814425932139,0.00014586210770838742,0.004928363780946271,0.011266317884394528,0.04635728795805715,0.049063600533363415,0.04716720563313758,0.04535983876576242,5535.518898518881,1882.6085054524742,-21.776390025013228,0.8682113783862704,0.05027278844898775,1.0036436589922662,-0.00020744407344995802,FastCharge_000040_CH32
0.00013073566600000004,-0.0005708064600000001,0.000761016646886144,1.7250576704617993e-05,0.0006966303197511407,0.00169628021255366,0.005190626832628335,0.047487069249256164,0.14022083468384783,0.03133034447820951,0.032909431374705436,0.0288674034720887,0.01941247325810128,5512.194147949219,1763.275789794922,-23.129576898729894,0.8437597135255321,0.057031893898242814,1.0028840719517995,-0.0002289588245212417,FastCharge_000041_CH10
-0.00019429030869999998,0.0004118877897520125,0.0003772792781626417,-1.1907223637966022e-05,1.9277599281707428e-05,0.0001740208954570631,0.0011501759039413278,0.021825567530399242,0.03347243853609039,0.04513545169309983,0.04614454139427351,0.04444775127036446,0.041791457093570565,5695.227457682292,2023.8145629882815,-21.708809841994917,0.8632955724007803,0.05197497537314244,1.003839575915427,-0.00020773863613144373,FastCharge_000042_CH36
-1.263967099999999e-06,0.0003051749699999999,-0.0003836271857500166,-9.288481731289846e-05,-2.647205679291026e-06,5.3061023919016154e-05,0.0005482344437997486,0.01773472121626765,0.025319190242585665,0.04362052902051653,0.044706956331703525,0.043483955398825935,0.04102752694255192,5578.909479166667,1993.3978055826824,-21.27983290782689,0.8653648447111317,0.0513641942125469,1.0042264233801306,-0.00021202381558549743,FastCharge_000043_CH16
-3.309886105986106e-05,-0.0006808721299999997,0.0003523628999999996,0.0005854008792074402,6.0420561352515084e-05,0.00026743824241995395,0.0021160942703409152,0.0440313552515868,0.05120346964985867,0.04869995607665377,0.04952221457150012,0.046726071267711965,0.04299508180511495,2244.5263387044265,1590.845651855469,-9.267777225207881,0.8637035035037804,0.05252511670617144,1.0050700228672356,-0.00026528752494987525,FastCharge_000044_CH11
-0.0002788392505,0.00073336306,0.0003503547973808339,0.0004204738325382651,0.00020324411224991942,0.0005284176637503114,0.0034791836618759606,0.050842921002873215,0.05750470655777207,0.05196402648886235,0.05261051743315031,0.049357753652495694,0.045500218845163865,2296.5501106770835,1642.62193359375,-9.428869285756688,0.8667243212629965,0.05231384471617695,1.0052681154659746,-0.00025946721789769206,FastCharge_000044_CH12
0.0001265048243,0.00064420796,-0.00021458220158531447,0.00026797072717724395,-5.608458526153333e-05,-0.00035872223088033103,-0.0014535556861421384,-0.01061643062006512,-0.0017404962098166443,0.04771659018641546,0.04924260909183744,0.04957995268433459,0.04845583284981267,2337.8340344238286,1706.0769226074221,-11.579717276244228,0.8851301459423165,0.04279933389042512,1.0046258638615677,-0.0002639134646048035,FastCharge_000045_CH1
-0.00012610091999999993,0.0008191380997394212,0.00011273400000000018,-0.0001346957272657266,-4.660856571756834e-05,-0.0001476723785550152,-0.000732209376454504,-0.008101188903401474,0.0006407267495079916,0.04572683169632646,0.04750228310884491,0.04701552818937541,0.046150107258586266,2338.388557128907,1690.8285278320313,-9.356682373388711,0.8839314182515258,0.04308785311183072,1.0045780761888536,-0.0002628293335998498,FastCharge_000045_CH2
6.53157724e-05,0.0002633002981280901,-0.0007351613000000003,0.000382302083874189,3.8788365080959925e-06,4.046743395921468e-05,-6.181439458126381e-05,-0.000609210363773427,0.007639154565619366,0.049031010948938185,0.05045517769689137,0.0497148789700489,0.04855296624313658,2351.035052897135,1698.6601204427086,-9.410811753514219,0.885014385856603,0.0435333665720572,1.0046459826642655,-0.0002627221718145376,FastCharge_000045_CH3
-6.913529000000005e-07,-0.00026895769000000007,0.0007314453876898371,0.0005904641318122761,-4.248019438842995e-06,9.651819969453204e-05,0.000746038275579515,0.011157916888390768,0.016874474596070332,0.04734287380700124,0.048626103476299254,0.04944828447421267,0.045654265017422646,5929.541437581382,1707.883297119141,-25.04600769813309,0.8751212707647165,0.047150379451834645,1.0047136455769883,-0.0002672506175378986,FastCharge_000046_CH31
-7.02184317e-05,-0.0004770723975789689,0.0001738855999999997,-0.00022375773546876466,7.057406595710643e-05,0.00015336258531883223,0.0007367396467578766,0.008815527205431967,0.014802580745995442,0.0458462793084318,0.04686492212963273,0.04809929135252785,0.04436508224286316,5859.824717610677,1664.9080244954428,-24.924449435983625,0.8746783776225323,0.04674831643036159,1.0046187155780746,-0.0002664711356889839,FastCharge_000046_CH32
-9.838796000000006e-07,-0.00025692350999999985,0.00014412947145034643,0.0007610614154809538,0.0005424095044910867,0.0011087197953299766,0.004686381263049023,0.04882438535077388,0.03860767827727174,0.046245278405048384,0.0463067877552219,0.044167128381114,0.041060099452167466,5717.044114583333,1916.8577034505208,-22.84530525537904,0.8641944393027648,0.052638338878191915,1.003757135477248,-0.00021007027605981447,FastCharge_000047_CH21
3.2345809999999873e-07,0.0002971187400000001,-0.00016045322845710747,0.000743460609466581,0.0002038135283061928,0.00031440990781738884,0.0014034001146301725,0.008953789134365564,0.014131756180807753,0.04864052369349732,0.04979098540864336,0.049230414904852075,0.047220617059189764,6007.183249104817,1768.684322509766,-25.147273925170815,0.8767772696547915,0.04535702072975667,1.0042303969185118,-0.00025987757921875466,FastCharge_000048_CH43
7.100897939999998e-05,-7.752546763927729e-05,-0.0005706328603645116,0.0006769132374443891,0.0002482499086126893,0.00022111540162423476,0.0004929673808215934,0.009388730143554985,0.012891993763507914,0.047422211816307284,0.04861111079077972,0.04836741480063019,0.04606631000603118,5979.200785725911,1735.077595621745,-25.236969677924822,0.8763291544457326,0.04685184023487432,1.004477396460933,-0.0002682722830450296,FastCharge_000048_CH44
-1.0052496999999983e-06,0.00041937344999999995,-0.00026268299715011875,0.00019600678384487213,0.0010206550875766131,0.00043628445364222307,0.0016385368518089874,0.022894090393446087,0.03307259742050217,0.0411106134980368,0.04152886060361201,0.03984680045424954,0.03771459218338908,5683.2499963378905,2011.4616540527343,-21.725911557293433,0.8633454386286701,0.05092314234433348,1.0038005939722932,-0.00020547995465431095,FastCharge_000049_CH37
4.458765599999999e-05,8.744988000000003e-05,-0.0009349414049946892,-0.0007105424085470458,-0.00017118662095608195,-0.00023829616234417872,-0.0009663561275963864,-0.0006229845431570957,0.009572629057301385,0.04852336321154011,0.04972304876124666,0.049795187404939684,0.04791685855926121,6738.039171142579,1516.2849963378908,-31.215391616920467,0.8744128174267504,0.04494070617369772,1.0049211412824812,-0.0002829631438124946,FastCharge_000050_CH32
-3.6676707800000006e-05,-0.0003810243732791065,0.0005564122592723315,0.00039716870137121527,-6.59587174069512e-05,-0.00010963765223781854,-0.00020062882791783282,0.002540895454466535,0.010740458362547667,0.044982306709098197,0.04644748732848061,0.04572797676112209,0.04415141652182089,2330.64755452474,1702.2661979166667,-10.129457698064725,0.8723209928652071,0.04623305386810017,1.0051508407183334,-0.00026450559269224733,FastCharge_000051_CH15
0.00020340647980000002,-0.00030526011,1.733400133088845e-06,-6.438498860660002e-05,-0.00020864243169604717,-0.00043699951597335127,-0.0015098034052572068,-0.006611990310232907,0.005487185906046743,0.04486056026891974,0.04728926171701451,0.04660353068191767,0.04488023961948405,2321.03512064,1707.8580946133334,-9.986891139571561,0.8733706326991616,0.04545620632175107,1.0050321218294984,-0.00026066875706867666,FastCharge_000051_CH16
-0.00010305500390000001,0.00015418428908233384,-0.0005890256000000002,0.0002677031376547125,1.1254317971750097e-05,-6.872876574241446e-05,0.0007384067829483698,0.018403024956758218,0.02878353453216642,0.04309457021825591,0.047725414151404646,0.045608769063360165,0.04021771500142602,5654.1981009928395,2008.5944177246092,-21.557631083738237,0.8662144839111285,0.04826576770577384,1.002755274043121,-0.00019537554507244122,FastCharge_000052_CH41
0.0002966170683631048,-0.0007465227099999999,8.957484673913262e-05,-0.0003181440681138438,-0.00044839285839105673,-0.0007519314418479896,-0.0022151597114958496,-0.0075820346086961365,0.010273925014016971,0.044229512854491,0.04822486557951926,0.04620132263685028,0.04399018886121896,5651.689938151043,1968.394609375,-21.909306571160027,0.8640090402763245,0.05273258567708139,1.0037317974228306,-0.00021191844434460014,FastCharge_000053_CH42
0.00019645267500000002,3.1743498855574996e-05,0.0005669878000000004,-0.0003016281836892799,7.466224920151497e-05,0.0003707311153381722,0.002204152225603155,0.03995218612850837,0.049806815894488154,0.04535636014597582,0.04729756912787901,0.045095344857065005,0.03998720233069007,5562.983061523437,1926.8108341471357,-21.773548319602458,0.863911991348816,0.05341502703177248,1.0040357882206794,-0.00021455925666708338,FastCharge_000054_CH15
-8.488458299999998e-05,-0.0001212980297345624,0.0003189227116729928,-0.00013948472093273847,0.00029154993603265796,0.0006167049397538191,0.0026704654209528528,0.023680927951019615,0.016652378815741997,0.04957495761038014,0.049510875799739354,0.04756423190352762,0.04717804083343885,5764.042842203775,1950.3059672037762,-22.718697305472723,0.8691115336418468,0.05098605590497718,1.0037498244075769,-0.00020939322287377227,FastCharge_000055_CH20
-7.755511820451058e-05,0.00013680027207263142,-2.9978673558642838e-05,8.30368821351686e-06,3.9383364909275145e-05,0.00020915851894496088,0.001391924852537918,0.03124206833770754,0.03329479986536105,0.04629074590345079,0.05078955112057756,0.0494949726459249,0.042459914469882586,5628.339034016927,1973.2151110839845,-21.5884896097764,0.8661366718084258,0.05278431152254337,1.0041836333168812,-0.00020856595475498218,FastCharge_000056_CH11
4.7901200000000964e-08,-0.00016376567999999995,-0.00019010792591608828,-6.636640089540975e-05,0.00020538172256825277,0.0004506244811200502,0.002549515491881184,0.021961533358951457,0.02721167529477253,0.05169784091287816,0.052672386674429784,0.05086971794006934,0.048677530172732256,5944.296012053334,1706.8327841066668,-25.12843786765234,0.8738481159130412,0.04798028619871242,1.0046945229615194,-0.0002643441607822037,FastCharge_000057_CH35
-0.00010636944059999999,-9.359604872833727e-05,-0.0004969685881101174,-0.000490606327512899,0.00015799157407964982,0.000344842716487187,0.0016881415946842226,0.018393119204753422,0.02356002821740688,0.04886651639314347,0.04999340245090344,0.04849041568935285,0.04627765962977577,5782.903162434895,1540.3143326822917,-25.264316656812138,0.8727613462226309,0.04731298342511636,1.0047219133605476,-0.00026411703265998395,FastCharge_000057_CH36
-1.4039682999999977e-06,-0.0002211902699999999,0.00032373275529231456,0.00014539737300745155,0.0002952953131916333,0.000488864038081821,0.002154086695189586,0.022661165357347274,0.026647674312848313,0.04775804393407037,0.04898801697099445,0.047045629317054485,0.04477058469154531,5978.078755306668,1744.022312106667,-25.10896285837223,0.8696475748826538,0.05033580534394577,1.0044600744173942,-0.00026720790420050184,FastCharge_000058_CH45
-0.00014853787699999998,0.0008686801352235103,-0.0003867848000000001,-0.00015059807204478512,0.00016832403325735962,0.00030645656258610626,0.0013140384422778914,0.02086044123338937,0.028927737162021794,0.04704314556520289,0.04794777059506798,0.04637888186118295,0.04404082748904004,5949.513939733331,1730.2636852266671,-25.011595800789653,0.8704260799174085,0.04922223673624748,1.0045868931784856,-0.00026432929026109424,FastCharge_000058_CH46
5.587291999999998e-06,-0.000332176572286325,5.048590000000016e-05,-0.0004700973133407449,8.04279548810051e-06,-0.0003297444927817354,-0.001409903865319334,-0.006261458481349874,0.008190962865874285,0.04444618583669021,0.048871314376159374,0.04716921674315038,0.044243298672386425,5650.94335123698,1988.3221313476563,-21.62035963701348,0.8673435128811242,0.04935341043353891,1.0030667247597376,-0.0002031563441638698,FastCharge_000059_CH33
-3.74445702e-05,-0.0002277654400000002,0.000569210105074467,0.0006558135314419008,0.0002952641027259423,0.0008176250735653021,0.004141982604980658,0.05996306152199571,0.06975345979026748,0.04899029487188489,0.04953061842059895,0.046417022321566054,0.04120623729072167,5675.526368815104,1999.9999165852867,-21.733291797783277,0.863811222909813,0.05428277151744576,1.0036220149575448,-0.00020791510269426068,FastCharge_000060_CH29
0.00016446450999999993,-0.0008900244600000001,3.8615028706852524e-05,-0.000319443121624869,0.00011486908062352183,0.00033479642883815774,0.0018801280060416134,0.025501787032744666,0.03480726400271261,0.047973078073257396,0.04922927742137545,0.04732174775939887,0.044271679774020446,5721.807012125651,1999.0072607421876,-21.994271894059505,0.8658195983019528,0.053584456961333404,1.0034933220534727,-0.00021070269123579994,FastCharge_000061_CH43
-0.0001066895107,0.0007191621799999999,0.00022217926984525278,0.0005115767640210154,0.00032942300709716717,0.0005224285822735299,0.0032103797266381864,0.03904193455142457,0.046721896528586104,0.047341259443593235,0.048184627528213904,0.04550705014326779,0.04220342754353896,5550.404838460287,1941.3912137858072,-21.369006725086557,0.8610070132795036,0.05578038765513571,1.0037270041922313,-0.00020915526827012753,FastCharge_000062_CH47
1.9374774e-05,0.00018438389999999986,0.0003034606125435512,0.0007613981501133505,-4.4463783205902704e-05,-5.2369880181767775e-05,-0.00016830175767260785,-0.0017255704974558084,0.007284749052333561,0.050432140859898826,0.051560578507106714,0.050795735736076646,0.05007256850739483,2226.4984472656242,1574.9370377604166,-9.411682159695461,0.8820909067864463,0.04344144906562164,1.004684833379279,-0.0002563291943114036,FastCharge_000063_CH5
-8.908863300000002e-05,0.0007912549117433515,0.00022476754266586218,9.344971349008711e-06,-1.3726691680102446e-05,-4.865016990547241e-05,-0.0002374688413784784,-0.008099613111816562,-0.0016526511243457054,0.045971679749427306,0.04744430474007514,0.04711791783443897,0.04653683511518407,2287.8886706542967,1650.7297595214845,-9.499120835276871,0.8798080764969832,0.04235249944242159,1.0044459526810716,-0.0002557244142060073,FastCharge_000063_CH6
1.0411403999999992e-06,-0.00012694520999999997,0.0007273839898354214,-0.0005460718400381055,8.409297248819156e-05,0.00022274971544881256,0.0012060957084927063,0.01633932863102719,0.031411230959344394,0.04324211222951247,0.04507028462473389,0.043028594026043074,0.0402960151329848,5555.215067545572,1927.3098901367186,-21.51822462856637,0.8617002035063985,0.053534690420657616,1.0038257389130905,-0.00020961670445620057,FastCharge_000064_CH39
8.224880250000001e-05,0.0004940015019632202,-0.000642170381758551,-0.0005634096112609194,0.000123903563586044,0.00028002572349316093,0.0016080750357829326,0.016444913130787137,0.023121468631113418,0.04994745207256897,0.05138975434876995,0.049398881916844876,0.047524893066389594,5936.628125,1714.4482177734376,-25.064183168609812,0.8740732283465704,0.04812017044939976,1.0044916557421324,-0.00026565037755667855,FastCharge_000065_CH33
-1.046203499999999e-06,0.00045716968,0.0002593254580967332,0.00010123700089142637,0.0001944221002412594,0.00042002399113903396,0.002249388321516471,0.017482225475047075,0.02169715774467995,0.05025839687823762,0.051647828855559554,0.04974640691541596,0.04788894861332181,5989.291563313804,1745.703173421224,-25.154042027786748,0.8751506306139767,0.04670688561382108,1.0043841539429916,-0.0002622196274756447,FastCharge_000065_CH34
-3.993837999999997e-05,-2.5978285922807472e-05,4.784789999999917e-05,0.00021399437681863566,0.00017159684064000508,0.0003613864471571464,0.0012948246174249653,0.013695291943304683,0.019017559657841243,0.04939691380407477,0.050729875014084345,0.049126252020776404,0.047396327998337505,5828.83149210612,1750.7927176920577,-24.272806258799687,0.8777564816017642,0.04732829845939246,1.0046065069854344,-0.00026789186837617763,FastCharge_000066_CH25
0.0002604927188,-0.0007298202494569089,-0.00027682777694721175,-3.7753414258538676e-08,0.00012894213945996782,0.00027895799153571446,0.0014699267144349173,0.010960623111189671,0.015318899731466495,0.050573573996602283,0.05171005940287097,0.05050555466075292,0.048922282948930286,5855.384947102863,1781.331738688151,-24.170322386706427,0.8800255848179444,0.045945480036046815,1.004942154872402,-0.0002614825754580838,FastCharge_000066_CH26
6.8795118e-05,0.00019415361441125632,-4.16030999999999e-05,0.00018740490000000026,0.00041916486820700247,0.0006745208439429863,0.002324274899311765,0.03113663863453836,0.04052911716384078,0.046470486493722644,0.04768571295371817,0.045147477395003244,0.042139026240617466,5932.119356693333,1716.1824108800004,-24.938175226713035,0.8652620449550795,0.053512814667982966,1.0046169717645759,-0.0002773152269023048,FastCharge_000067_CH41
-0.00013517126373166475,0.00021044532,-6.881534817343047e-05,0.00013111368670934345,0.00042062652533681084,0.0008191499128777334,0.0029025739161021302,0.03339459926629504,0.040300943912507325,0.049854711581936405,0.05096522051460611,0.04831656908670564,0.045389249293627074,5938.5169486490895,1711.2474755859378,-25.038404061402215,0.867250390525886,0.05180447170912594,1.0045064705013795,-0.0002664746600162098,FastCharge_000067_CH42
-0.00018582209890000002,0.0004940302799999999,4.917791819741878e-05,-0.0002819813121553022,0.00012796733138428253,0.0003507339677693566,0.0016667012637378784,0.025258890907351284,0.0374619958172967,0.045789396636727354,0.046482750725046984,0.044521173914977834,0.04197683637809657,5572.586189371744,1921.2207080078126,-21.646486807103532,0.8640318536570291,0.05302740294280328,1.0038236007489916,-0.00020829489870890375,FastCharge_000068_CH38
-0.00020893959649999997,0.0003336382812856284,-0.0005039771000000001,-0.0010098890752408395,-0.0005614212115809935,-0.000871017872475531,-0.0028050320295702966,-0.011745733157971228,0.006960982126202886,0.045514812641816144,0.049559689672886174,0.04798053496562303,0.04571517374320505,5629.223724772136,1977.5378926595051,-21.65886169901168,0.8689007368348467,0.05110660999898309,1.0045102979280116,-0.00021853597211989408,FastCharge_000069_CH25
-0.0001066768281,-0.0005313515358655476,0.0003090484133785299,0.00046066729260154076,0.0002774961533778611,0.0007387235123402745,0.0038391744813667805,0.03092899230692195,0.027258287915069235,0.04860608577540298,0.0483661793153736,0.04721120820917427,0.04508643246112373,5623.980532633464,1954.6007686360676,-21.83440396879043,0.8678153166374638,0.0509161011723247,1.003644084036295,-0.00021106748413099894,FastCharge_000070_CH46
-1.6676170000000023e-07,8.694949999999953e-06,-4.169144854263354e-05,0.00016465830000000035,0.00016408614749695467,0.00040286984582496924,0.0016852405408206358,0.024063107688881702,0.03483559514777762,0.04374911598406492,0.04586404847104269,0.04374558253654827,0.040162476627746455,5550.71599650065,1923.595163574219,-21.468755390919945,0.8614739229290465,0.054201414180058194,1.003886044272318,-0.0002080243017369919,FastCharge_000071_CH40
0.00014889243110000001,-0.00038272978999999993,5.482107504436572e-05,-0.00020441015849819583,7.639639556871608e-05,0.0002393744599589638,0.0012067638327756258,0.016455823238338163,0.024807079844344215,0.04553187494693595,0.0483565014907679,0.046810500852338795,0.04300027363240411,5694.967549641927,1984.4776383463545,-21.915104414909255,0.8680601923725038,0.05139524621069991,1.003567985648063,-0.00020894918417490492,FastCharge_000072_CH34
0.000229992597,-0.0008640268235982416,1.0821099999999435e-05,5.048767681870275e-05,-7.028707774642609e-05,-0.00011460502725938251,4.676834359412796e-05,0.006179338277284729,0.012133053982170294,0.04435393849579522,0.04647156353415769,0.04504583137085367,0.04320978611868787,5706.4596695963555,1982.3762552897138,-22.209269392710738,0.8675325147272399,0.04944278134260882,1.0035572906322947,-0.00020786428343891967,FastCharge_000073_CH35
