QD_first10_mean,QD_last10_mean,QD_delta,QD_slope,QD_min,QD_std,QC_slope,QC_minus_QD,IR_first10_mean,IR_last10_mean,IR_delta,IR_slope,Tmax_mean,Tmax_slope,Tmax_max,Tavg_mean,Tavg_slope,T_range_mean,CT_first10_mean,CT_last10_mean,CT_delta,CT_slope,CT_std,EE_mean,EE_slope,V0_mean,V0_std,V99_mean,V_mean_shift,Q_activation,ID,ID_clean,Cycle_Life,C_Rate
1.1372059600000002,1.03384416,0.10336180000000028,-0.000699583860786071,1.0331545,0.08892273867762411,-0.0003922579591959173,-0.005159997000000023,0.018801297806203366,0.0167287128046155,-0.002072585001587867,-1.3236462345646965e-05,35.31101085662842,0.01255525817321728,37.402427673339844,32.426821346282956,0.00336506787199115,5.164973125457764,3878.4,627.2,3251.2,-19.291785178517834,3250.0354449759457,0.8705347157942329,-0.000376515406749053,3.15,0.20227476755349824,3.15,0.0,-0.7095391600000003,FastCharge_000000_CH19,FastCharge_000000_CH19,491,4
1.1116882000000001,1.04501153,0.0666766700000001,-0.0004909731305130538,1.0439155,0.04985936377267988,-0.0002002887920792088,-0.0052068519999999814,0.013566148094832897,0.013825875613838435,0.0002597275190055377,2.6508173917887018e-06,36.977791442871094,0.008168313581235983,37.46143341064453,34.08226419448852,0.0032807405610861587,5.648667678833008,10688.0,614.4,10073.6,-59.90999099909988,10052.738632949733,0.8819963619895664,-0.0003098332471491423,3.15,0.20227476755349824,3.15,0.0,-0.3912497399999999,FastCharge_000001_CH16,FastCharge_000001_CH16,667,7
1.11784171,1.05491843,0.06292327999999991,-0.00045149623702370406,1.054091,0.05014244363082511,-0.0001575317677767772,-0.005184808000000012,0.013974636048078536,0.0141499069519341,0.00017527090385556325,1.967905009343702e-06,37.91038208007812,0.004353461804920664,38.31761169433594,34.86784553527832,0.008434038502727198,5.953818511962891,10700.8,588.8,10112.0,-59.98372637263721,10052.738632949733,0.8825652110419143,-0.0003014658064475399,3.15,0.20227476755349824,3.15,0.0,-0.39684657999999984,FastCharge_000001_CH30,FastCharge_000001_CH30,773,7
1.10126324,1.03540619,0.06585704999999997,-0.0004848654845484566,1.0341983000000001,0.04973507805883473,-0.0001928035547554743,-0.004899588000000013,0.013204857055097819,0.013570727780461311,0.00036587072536349227,4.051368205201468e-06,39.551568794250485,0.0027086824359314116,39.85648727416992,35.65866882324219,0.008453085939697378,7.362307777404785,10700.8,614.4,10086.4,-60.270987098709824,10053.001679975981,0.880699386038363,-0.00033161146541706285,3.15,0.20227476755349824,3.15,0.0,-0.39152049999999994,FastCharge_000001_CH38,FastCharge_000001_CH38,542,7
1.1161771999999999,1.06965162,0.046525579999999955,-0.00028274003600360203,1.0665728,0.04696234834003193,1.3008664866492921e-06,-0.005109249999999987,0.01534403134137392,0.015251168422400952,-9.286291897296801e-05,-4.364026304107766e-07,33.56264823913574,0.003983874385363192,34.06071472167969,32.182121715545655,0.003236189040199165,2.790156021118164,10726.4,588.8,10137.6,-60.14655865586554,10065.34248597632,0.8829421922974282,-0.00026780675680959816,3.15,0.20227476755349824,3.15,0.0,-0.3796257599999999,FastCharge_000002_CH10,FastCharge_000002_CH10,1010,5
1.1153778,1.0672835400000003,0.04809425999999983,-0.00029089938733873396,1.0636606000000002,0.04871773252469753,4.24164656465492e-06,-0.00493013299999999,0.015380834974348546,0.01526201469823718,-0.00011882027611136506,-8.111419209284759e-07,35.080399627685544,0.005352076253768062,35.73020935058594,33.04421615600586,0.0034427091390779006,3.9082933044433594,10739.2,512.0,10227.2,-61.175781578157775,10067.43101578551,0.8816833709780397,-0.0002854300090538216,3.15,0.20227476755349824,3.15,0.0,-0.3939853,FastCharge_000002_CH18,FastCharge_000002_CH18,829,5
1.1150622300000002,1.0667071900000002,0.048355039999999905,-0.0002935326498649858,1.063777,0.048468647948210604,-3.224620462039096e-07,-0.005459863999999985,0.015347448270767927,0.015312900952994823,-3.454731777310406e-05,1.7349141323814516e-07,35.734293365478514,0.0066241007798289436,36.23225402832031,33.08982395172119,0.003555626810544915,4.955961627960205,10726.4,640.0,10086.4,-59.866978697869754,10077.151170762496,0.8833204057712633,-0.00028523785986240684,3.15,0.20227476755349824,3.15,0.0,-0.39141884000000027,FastCharge_000002_CH2,FastCharge_000002_CH2,814,5
1.0970701699999998,1.05032945,0.04674071999999985,-0.0002767598979897928,1.0451530999999998,0.04848779225224762,1.820501710171008e-05,-0.004922984999999988,0.015682990476489068,0.015565907303243875,-0.00011708317324519296,-3.2011329001075467e-07,37.22922679901123,0.007241034154379752,37.871063232421875,34.65985679626465,0.004804526946224881,5.242103462219238,10739.2,601.6,10137.6,-60.1803540354035,10065.078459227234,0.8809529065742009,-0.00028510989960788344,3.15,0.20227476755349824,3.15,0.0,-0.3927657600000001,FastCharge_000002_CH34,FastCharge_000002_CH34,826,5
1.1102703000000003,1.0612354000000002,0.0490349000000001,-0.0002997756741674144,1.0594152000000001,0.04856216490369944,-7.821165316531487e-06,-0.004921183000000011,0.015473100077360868,0.015338665433228016,-0.0001344346441328522,-6.677228046489773e-07,34.28350646972656,0.002924322247898648,34.695709228515625,33.09051904678345,0.004036937945961405,2.70548454284668,10700.8,588.8,10112.0,-59.919207920792054,10065.605854711383,0.8855992943347623,-0.0002592535647637611,3.15,0.20227476755349824,3.15,0.0,-0.3917759399999998,FastCharge_000002_CH42,FastCharge_000002_CH42,1285,5
1.12007287,1.07138131,0.04869155999999997,-0.0002960685088508807,1.0691597,0.048532975856190805,-4.001504350440234e-06,-0.005074342999999979,0.01595651376992464,0.01582742165774107,-0.00012909211218356878,-5.767065579025973e-07,37.73136436462402,0.008015428297590672,38.268310546875,34.71371421813965,0.006514749512670872,6.315143394470215,10700.8,614.4,10086.4,-60.0129132913291,10053.001679975983,0.883519511288132,-0.00026456638422096357,3.15,0.20227476755349824,3.15,0.0,-0.39147600000000016,FastCharge_000002_CH47,FastCharge_000002_CH47,1936,5
1.1206345699999998,1.0726161699999999,0.048018399999999906,-0.0002863470411041106,1.0691667999999999,0.04887094007206374,9.921441344134792e-06,-0.005182395999999998,0.015887599252164365,0.015667222440242767,-0.00022037681192159722,-3.264964553433998e-06,36.928730163574215,0.02125003378633773,38.634735107421875,33.86083618164062,0.014268574364150284,6.124258823394776,10688.0,588.8,10099.2,-59.96452445244521,10051.812779792506,0.8810745061119516,-0.0002483967255385401,3.15,0.20227476755349824,3.15,0.0,-0.3948954400000002,FastCharge_000002_CH7,FastCharge_000002_CH7,1047,5
1.13829594,1.0796069300000002,0.05868900999999971,-0.00035322108430843347,1.0739927,0.059781376164883285,-4.320285268527012e-05,-0.005255854999999993,0.01697555184364319,0.016941631399095058,-3.392044454813073e-05,7.785309274883198e-07,36.07005844116211,0.00938479625245242,37.24092483520508,32.64126234054565,0.003947496514330345,6.087929534912109,9088.0,665.6,8422.4,-50.08321632163214,8404.212922957155,0.8749491819150417,-0.00032380696984937144,3.15,0.20227476755349824,3.15,0.0,-0.4832661600000001,FastCharge_000003_CH39,FastCharge_000003_CH39,743,7
1.13288294,1.0741251600000001,0.05875777999999987,-0.0003508216099609961,1.0681152,0.05996691688440449,-4.073225022502077e-05,-0.005302939999999996,0.017051632702350616,0.01708342470228672,3.17919999361059e-05,1.433807713846547e-06,34.86816596984863,0.008355033364054217,36.07556915283203,32.07764303207397,0.0031613167763614694,5.059268054962158,9100.8,640.0,8460.8,-50.26832283228322,8417.190753784778,0.8791341312096453,-0.0003380850226536645,3.15,0.20227476755349824,3.15,0.0,-0.48494346,FastCharge_000003_CH40,FastCharge_000003_CH40,704,7
1.04666502,1.01144232,0.03522270000000005,-0.00027643166636663635,1.0066875,0.024144545803339842,-0.00019895788238823522,-0.001436660999999988,0.016997601091861724,0.017245525680482387,0.0002479245886206627,2.3941159753551805e-06,36.099465446472166,0.0007925800285716637,37.95610427856445,31.853509540557862,-0.00048697059876278255,7.046913452148438,1792.0,819.2,972.8,-5.784386438643858,991.1688905529675,0.8790442867090086,-0.00011698259658340357,3.15,0.20227476755349824,3.15,0.0,-0.18684188000000002,FastCharge_000004_CH1,FastCharge_000004_CH1,664,6
1.1000203300000002,1.0344937799999998,0.0655265500000004,-0.00039899285208520863,1.0295508,0.06597360094890901,5.7648482568252835e-05,-0.008030969799999996,0.01699692327529192,0.017131998389959335,0.0001350751146674163,1.5825478367322142e-06,36.196563720703125,-0.0020304087751304377,39.04987335205078,32.50553827285766,-0.0033896795021604222,6.240648078918457,2048.0,806.4,1241.6,-7.372769276927688,1245.0992339568754,0.8889306323689307,-0.0004695793440056622,3.15,0.20227476755349824,3.15,0.0,-0.5328669000000001,FastCharge_000004_CH3,FastCharge_000004_CH3,1062,6
1.1539485,1.0595833000000001,0.09436519999999993,-0.0006019388436843723,1.0587758,0.088438669104542,-0.00029334876567656666,-0.00511153899999999,0.01876933518797159,0.017002750374376773,-0.0017665848135948181,-1.1789941332592671e-05,37.307294082641604,0.010400466941835709,38.7081298828125,32.932188186645504,0.0065415726600736475,7.3257770919799805,3865.6,601.6,3264.0,-19.288712871287114,3226.279293551629,0.8736138861827655,-0.00037887198663128424,3.15,0.20227476755349824,3.15,0.0,-0.7109509799999998,FastCharge_000005_CH18,FastCharge_000005_CH18,525,4
1.11579664,1.0667670399999998,0.04902960000000012,-0.00030202479567957,1.0642239,0.04866953091434212,-7.5718679867995855e-06,-0.005344611999999991,0.015091717708855867,0.015011495631188154,-8.022207766771386e-05,-5.4488227357077453e-08,37.98097557067871,0.008293596296885562,38.707847595214844,34.801535835266115,0.005913409036521346,6.500725727081299,10688.0,640.0,10048.0,-59.721812181218084,10052.606862381514,0.8861446271034589,-0.0002731676164428272,3.15,0.20227476755349824,3.15,0.0,-0.39298506,FastCharge_000006_CH11,FastCharge_000006_CH11,1064,3
1.1203459400000002,1.07245431,0.047891630000000296,-0.0002883644182418197,1.0683683000000002,0.04889607499502359,8.882586858681999e-06,-0.005240249999999999,0.015869258530437948,0.015857695788145065,-1.1562742292883094e-05,2.053236611748939e-07,35.116070976257326,0.003730792398392693,37.72848129272461,33.08242473602295,0.0024806838975523693,3.8864543533325193,10700.8,601.6,10099.199999999999,-60.00753675367534,10040.003013864089,0.8826112761873784,-0.00030152274721409656,3.15,0.20227476755349824,3.15,0.0,-0.39552954000000007,FastCharge_000006_CH19,FastCharge_000006_CH19,1040,3
1.1163428000000002,1.06664979,0.04969301000000015,-0.0002934244500450056,1.0580338,0.04844800029663553,-1.3351743174351533e-06,-0.00571276199999998,0.015520808845758438,0.015381154883652926,-0.00013965396210551158,-1.9033737827126618e-06,37.39107452392578,0.007816326737654328,38.138309478759766,35.03467514038086,0.00783100012576944,5.044624195098877,10700.8,601.6,10099.199999999999,-59.703378337833755,10040.266068187633,0.8895447170223991,-0.0002632649510647737,3.15,0.20227476755349824,3.15,0.0,-0.38965282,FastCharge_000006_CH27,FastCharge_000006_CH27,1316,3
1.11158395,1.0646099100000002,0.04697403999999983,-0.000279548040204017,1.0600798999999999,0.04847121095556558,1.599961716171859e-05,-0.005089553,0.015725723654031753,0.015689219161868096,-3.6504492163656754e-05,1.2280864313027862e-07,38.8771556854248,0.009480425871566552,39.59511184692383,35.54851486206055,0.005206891004652276,6.745758399963379,10688.0,601.6,10086.4,-59.96529252925289,10065.605854711383,0.8844257618472078,-0.0002929255916111232,3.15,0.20227476755349824,3.15,0.0,-0.3923453000000001,FastCharge_000006_CH35,FastCharge_000006_CH35,990,3
1.11394956,1.07112942,0.042820139999999896,-0.00025950294989498537,1.0674757,0.043400922570642944,4.310235223521125e-06,-0.004758920999999987,0.015671284310519694,0.015611147601157426,-6.013670936226741e-05,-1.688867174770367e-07,33.989592742919925,0.001616780589802113,37.558189392089844,32.24080356597901,0.002310504037769567,3.330516185760498,10713.6,601.6,10112.0,-59.96682868286825,10051.679856103654,0.8839871638143372,-0.0002542588949239002,3.15,0.20227476755349824,3.15,0.0,-0.35104144000000015,FastCharge_000006_CH3,FastCharge_000006_CH3,936,3
1.11126629,1.06194609,0.04932020000000015,-0.00030589765616561426,1.0602307,0.04827071598773025,-1.4704967896788888e-05,-0.0049221589999999945,0.015403176937252284,0.015322868619114161,-8.03083181381229e-05,-1.2210720326857233e-07,38.98133930206299,0.008282076597857487,39.49040985107422,35.74222553253174,0.0066262862477043626,6.849879055023194,10688.0,588.8,10099.2,-60.23411941194117,10052.474927101286,0.8848915299226948,-0.00026693950575137876,3.15,0.20227476755349824,3.15,0.0,-0.3893615800000001,FastCharge_000006_CH43,FastCharge_000006_CH43,1159,3
1.0970518,1.04974019,0.04731160999999995,-0.00028935261806180637,1.0464231,0.0479197308313837,7.62420642061497e-07,-0.005064491999999972,0.015677274949848653,0.015569759532809258,-0.00010751541703939507,-2.669174019599857e-07,36.0723653793335,0.004208010728746246,36.4913215637207,33.860556774139404,0.004517447903390328,4.770910530090332,10700.8,601.6,10099.199999999999,-60.03365136513647,10039.209892735584,0.8813226967264977,-0.0002596534006742622,3.15,0.20227476755349824,3.15,0.0,-0.38758908000000014,FastCharge_000006_CH48,FastCharge_000006_CH48,1157,3
1.12071394,1.07297636,0.047737579999999946,-0.00028576444524452526,1.0686373,0.0491317072859625,1.2510077407741808e-05,-0.005272835999999986,0.01568148760125041,0.015604486968368293,-7.700063288211892e-05,-3.628075310606327e-07,36.328597412109374,0.007560722975984075,36.881858825683594,33.33198221206665,0.004149172405491314,5.7514263534545895,10688.0,576.0,10112.0,-60.056693669366894,10053.395015336862,0.8823723667224488,-0.0002921611962828607,3.15,0.20227476755349824,3.15,0.0,-0.39768170000000014,FastCharge_000006_CH8,FastCharge_000006_CH8,941,3
1.11891213,1.06948787,0.04942426000000011,-0.00030142115451545416,1.0677625,0.04900382705245578,-4.91466906690561e-06,-0.004957123999999975,0.015387129038572311,0.015322560351341963,-6.456868723034824e-05,-4.428596884915223e-07,36.79580417633056,0.009594380573006201,37.344581604003906,33.49037616729736,0.004723832147313867,5.992128009796143,10700.8,601.6,10099.199999999999,-60.03134713471346,10052.474927101286,0.8805004574757959,-0.00029804934211335695,3.15,0.20227476755349824,3.15,0.0,-0.39544709999999994,FastCharge_000007_CH24,FastCharge_000007_CH24,877,9
1.11663775,1.0699023899999998,0.046735360000000226,-0.0002795079585958607,1.0652004,0.04809577591448766,1.3415769576957898e-05,-0.005011773000000026,0.01494072237983346,0.014802298974245787,-0.0001384234055876732,-1.2998612574672005e-06,31.68608320236206,0.0006201437747840377,32.24843978881836,31.25923360824585,0.001509656622858247,0.9377278137207031,10713.6,588.8,10124.800000000001,-59.94455445544549,10053.395015336862,0.8826399611078982,-0.0002879864889735998,3.15,0.20227476755349824,3.15,0.0,-0.3896406800000001,FastCharge_000007_CH39,FastCharge_000007_CH39,859,9
1.14676269,1.08499569,0.06176700000000013,-0.00038632953015301413,1.0817878,0.059967455557192004,-7.677464206420715e-05,-0.005259262999999981,0.01744325999170542,0.017562554962933064,0.00011929497122764587,2.3213203827648074e-06,35.77414920806885,0.0127661975868608,36.804283142089844,32.53092468261719,0.004328176759936723,5.827137184143067,9075.2,588.8,8486.400000000001,-49.857401740174005,8396.583021586817,0.8719277281908924,-0.000378453933658389,3.15,0.20227476755349824,3.15,0.0,-0.4836236599999999,FastCharge_000008_CH47,FastCharge_000008_CH47,617,8
1.14636177,1.08606336,0.06029840999999991,-0.0003677111755175554,1.0810224,0.060234163195310816,-5.60928844884452e-05,-0.0055152600000000045,0.016695321165025236,0.016832021810114384,0.00013670064508914878,2.398961948768973e-06,36.676901741027834,0.014027705039485758,37.85512161254883,32.97296007156372,0.00564602408650906,6.770041027069092,9036.8,588.8,8448.0,-50.21686168616857,8396.583021586817,0.8723222880662638,-0.0003830816035249456,3.15,0.20227476755349824,3.15,0.0,-0.48667846000000003,FastCharge_000008_CH48,FastCharge_000008_CH48,600,8
1.15793768,1.07140035,0.08653733000000008,-0.0005158040510050964,1.0639789,0.0877556037400111,-0.000212513572757276,-0.005351425999999997,0.018432720564305782,0.01715815719217062,-0.0012745633721351624,-6.525141644989262e-06,32.09154136657715,-0.0036680579907965387,37.59764099121094,30.083834686279296,-0.0010813813849034962,3.7162447929382325,3852.8,614.4,3238.4,-19.34862286228622,3239.429654491667,0.8792526808531619,-0.0003641221327220624,3.15,0.20227476755349824,3.15,0.0,-0.7089919,FastCharge_000009_CH4,FastCharge_000009_CH4,526,8
1.15743943,1.0682759499999999,0.08916348000000007,-0.0005476130243024282,1.0640886999999999,0.08772677968465316,-0.00024454851725172293,-0.005304558999999995,0.018733865953981875,0.017099174670875072,-0.0016346912831068025,-1.028818518433023e-05,31.25144495010376,-0.0396827870004714,34.01215744018555,29.819076156616212,-0.01722359207203668,2.60256217956543,3865.6,588.8,3276.8,-19.364752475247506,3239.567473351959,0.8726744579205733,-0.0003820626983410467,3.15,0.20227476755349824,3.15,0.0,-0.7076803799999998,FastCharge_000009_CH7,FastCharge_000009_CH7,489,8
1.16752294,1.07798236,0.08954057999999998,-0.0005536569348934849,1.0733846000000002,0.08778938269911586,-0.0002487582940294017,-0.005220400999999988,0.019103373773396014,0.017469186708331107,-0.001634187065064907,-1.0422103077915396e-05,35.297885704040525,0.012018158824244344,36.58507537841797,31.637945556640624,0.0032205184171982195,5.677048797607422,3827.2,576.0,3251.2,-19.149690969096902,3226.6959408038424,0.8730411860791846,-0.0003849204659385808,3.15,0.20227476755349824,3.15,0.0,-0.7084815800000002,FastCharge_000009_CH8,FastCharge_000009_CH8,500,8
1.1646329899999999,1.0791783199999998,0.08545467000000007,-0.0005067998583858401,1.0691837,0.0880108888091504,-0.00019765854305430364,-0.0053375920000000064,0.019301167316734792,0.01819773353636265,-0.0011034337803721428,-5.28212674710971e-06,37.73767501831055,0.01737958599631936,38.90525817871094,32.98082794189453,0.005041297067939163,7.489278659820557,3814.4,588.8,3225.6000000000004,-19.22035403540352,3214.374371226848,0.872227462294187,-0.0004024363598552733,3.15,0.20227476755349824,3.15,0.0,-0.7122629,FastCharge_000010_CH44,FastCharge_000010_CH44,489,6
1.1636604900000003,1.07877763,0.08488286000000023,-0.0004929072481248108,1.0699197,0.08866369321691045,-0.00018407501890189222,-0.005706104000000001,0.01829917822033167,0.0171201691031456,-0.001179009117186068,-5.565579335699549e-06,37.92821140289307,0.014876841176854443,39.01078796386719,33.449800148010254,0.005972998110052613,7.388005294799805,3865.6,601.6,3264.0,-19.32174017401739,3239.2913239781324,0.8798485086128143,-0.00035324361103492556,3.15,0.20227476755349824,3.15,0.0,-0.71713728,FastCharge_000011_CH26,FastCharge_000011_CH26,524,9
1.11345806,1.06383897,0.04961908999999998,-0.000304004924092407,1.0622736000000002,0.0492059486490062,-7.292697869789127e-06,-0.0056274429999999855,0.014994028117507696,0.015017894096672535,2.3865979164839138e-05,4.938381793636439e-07,39.44980613708496,0.0037793442124974537,40.07662582397461,36.05065715789795,0.004350773570704203,7.37585678100586,10713.6,588.8,10124.800000000001,-59.774041404140384,10066.78287247719,0.8887685875794046,-0.00028753439726220137,3.15,0.20227476755349824,3.15,0.0,-0.39691352,FastCharge_000012_CH13,FastCharge_000012_CH13,1116,6
1.10181961,1.05214063,0.04967897999999993,-0.0003050440876087639,1.0500578999999999,0.0489295460144249,-8.315713771377685e-06,-0.0054862990000000035,0.01531656002625823,0.015181772597134113,-0.00013478742912411724,-4.6600022948683425e-07,39.673063125610355,0.008573388283652597,40.1955451965332,35.51698291778565,0.008466367793090282,7.51757703781128,10700.8,588.8,10112.0,-59.88464446444642,10065.73729233979,0.8817113848383173,-0.0002849957140882992,3.15,0.20227476755349824,3.15,0.0,-0.39462982,FastCharge_000012_CH15,FastCharge_000012_CH15,828,6
1.12460751,1.07569004,0.04891746999999991,-0.00029677571797179453,1.0731678,0.04901731517574274,-1.20859465946399e-06,-0.005184730999999998,0.016118943691253662,0.016095852851867674,-2.3090839385987716e-05,1.1527946036112705e-07,35.553125610351564,0.005903332948040852,37.29108810424805,33.20958011627197,0.0032998523775106346,4.410845355987549,10688.0,614.4,10073.6,-59.86851485148511,10066.130618345866,0.8807420319366925,-0.0003037507235708717,3.15,0.20227476755349824,3.15,0.0,-0.39560231999999984,FastCharge_000012_CH21,FastCharge_000012_CH21,933,6
1.12445775,1.0764964000000001,0.04796134999999979,-0.0002867400150015039,1.0716274,0.04938161000362661,1.2147372337226349e-05,-0.005538129000000016,0.015642877388745546,0.015590391401201487,-5.2485987544058366e-05,-2.730661986952321e-07,35.48353149414063,0.006677653223696437,36.101497650146484,33.10796827316284,0.0031008305794263395,4.485029449462891,10700.8,614.4,10086.4,-60.01982598259822,10052.342827102546,0.8826526634270158,-0.00030252226424621047,3.15,0.20227476755349824,3.15,0.0,-0.39986283999999994,FastCharge_000012_CH23,FastCharge_000012_CH23,859,6
1.1219170000000003,1.0712412499999997,0.050675750000000575,-0.0003175184128412841,1.0706265,0.048758339928273546,-2.3405489348931653e-05,-0.0052558489999999835,0.015545305330306292,0.015490961726754904,-5.434360355138779e-05,-1.357112805245805e-07,37.86893924713135,0.0075081217457072065,38.401493072509766,35.0670027923584,0.006068738587725899,5.845619068145752,10726.4,601.6,10124.8,-60.209540954095374,10052.474927101284,0.8859304415716859,-0.0002782138883006115,3.15,0.20227476755349824,3.15,0.0,-0.39246588000000004,FastCharge_000012_CH29,FastCharge_000012_CH29,1156,6
1.1111829600000003,1.06298212,0.048200840000000245,-0.00029150298649864874,1.0592589,0.04870798375173699,3.7013975397527856e-06,-0.005108888000000014,0.015021111443638801,0.014949533622711897,-7.157782092690433e-05,-5.774952732792136e-08,38.43748790740967,0.008432730609791815,38.980979919433594,35.27625057220459,0.005167410684855221,6.371263027191162,10752.0,601.6,10150.4,-60.268682868286795,10064.946199081245,0.8852950138531723,-0.0002860538458070281,3.15,0.20227476755349824,3.15,0.0,-0.39389684,FastCharge_000012_CH37,FastCharge_000012_CH37,851,6
1.10792742,1.05804554,0.049881880000000045,-0.0003109476339633932,1.0573761000000002,0.048873362743284826,-1.6720505250523737e-05,-0.005075030000000013,0.015242322348058224,0.015137263387441636,-0.0001050589606165879,-3.107228089194112e-07,39.379998474121095,0.00810418116091401,39.893035888671875,35.84209499359131,0.006190699552438098,7.308230075836182,10700.8,627.2,10073.599999999999,-59.90691869186915,10051.945538730299,0.8851442292159646,-0.00027462906705087145,3.15,0.20227476755349824,3.15,0.0,-0.39406125999999997,FastCharge_000012_CH45,FastCharge_000012_CH45,924,6
1.10035002,1.0543483299999998,0.046001690000000206,-0.00027275357455745905,1.0491925,0.04780520020374065,1.8392361836177587e-05,-0.005252034999999984,0.0184590520337224,0.018197713978588582,-0.0002613380551338175,-1.1252409460269932e-06,36.623533706665036,0.007640314293880622,37.2458381652832,33.622534942626956,0.004484586855902387,5.879529552459717,10726.4,512.0,10214.4,-60.840900090008965,10079.518464688677,0.8774135851978225,-0.00028250749007022657,3.15,0.20227476755349824,3.15,0.0,-0.3871242600000002,FastCharge_000012_CH5,FastCharge_000012_CH5,787,6
1.1373947100000001,1.0817461800000001,0.05564853000000003,-0.0003260734965496583,1.0729031999999998,0.05962446495715162,-1.89556273627378e-05,-0.005905062999999995,0.016605809703469275,0.016669812984764575,6.400328129529953e-05,8.49359164429685e-06,36.867216453552246,0.004504042910699997,37.61469268798828,33.1800400352478,0.0010837134319206924,6.571143360137939,1971.2,678.4,1292.8000000000002,-7.7176357635763555,1244.062547623712,0.884938874174014,-0.00030114265465640364,3.15,0.20227476755349824,3.15,0.0,-0.48423928000000016,FastCharge_000013_CH13,FastCharge_000013_CH13,906,4
1.1162714800000002,1.06001794,0.05625354000000016,-0.000330065956795678,1.0507991,0.05977670046449947,-2.2379838583856923e-05,-0.005745628000000016,0.016514433920383452,0.016274775750935076,-0.0002396581694483757,6.429732288464428e-06,36.22966411590576,0.003031523344290079,37.12896728515625,32.73393339157104,0.0011216139657484233,6.0811865234375,1971.2,678.4,1292.8000000000002,-7.646204620462039,1243.940721417223,0.8836852426538306,-0.00029135414953831545,3.15,0.20227476755349824,3.15,0.0,-0.4853249799999999,FastCharge_000013_CH14,FastCharge_000013_CH14,789,4
1.14307659,1.0864692599999999,0.05660733000000007,-0.00032580568076807714,1.0785451000000001,0.059145663302755135,-2.282564296430019e-05,-0.005731340999999992,0.016792296804487704,0.016804214008152484,1.1917203664779663e-05,7.77181417885533e-06,35.841919021606444,0.008499822562212291,37.566532135009766,32.38911293029785,0.004469640430229492,6.00576639175415,1843.2,601.6,1241.6,-7.38736273627362,1253.3389798454366,0.8777029171568717,-0.0002954322099826425,3.15,0.20227476755349824,3.15,0.0,-0.47943216,FastCharge_000014_CH23,FastCharge_000014_CH23,863,4
1.1281771699999998,1.07706933,0.05110783999999979,-0.00029912309270927227,1.0697117,0.05376330449146049,-3.0824585658568674e-05,-0.004788033999999965,0.01676603052765131,0.01678340882062912,1.73782929778106e-05,9.264265841776815e-07,35.422304496765136,0.007769183008083472,37.208404541015625,32.06137638092041,0.0034981064634783524,5.916008605957031,8755.2,576.0,8179.200000000001,-48.44798079807978,8078.46068505628,0.8765383067143957,-0.00028160912716765514,3.15,0.20227476755349824,3.15,0.0,-0.4359834399999998,FastCharge_000014_CH24,FastCharge_000014_CH24,858,4
1.11120464,1.0610346800000001,0.05016995999999985,-0.00031131281248124423,1.0600003999999998,0.049184428059797294,-1.4562804080410513e-05,-0.005633261000000005,0.01480258870869875,0.014543939847499132,-0.00025864886119961704,-1.8061009036449948e-06,40.49237319946289,0.011891383855792742,41.51066207885742,36.73446388244629,0.011493860674519681,8.234672164916992,10688.0,614.4,10073.6,-59.882340234023374,10053.525797768658,0.894331760505066,-0.00026054826259092805,3.15,0.20227476755349824,3.15,0.0,-0.39639413999999995,FastCharge_000015_CH12,FastCharge_000015_CH12,1268,6
1.1237132300000001,1.0739417100000002,0.04977151999999996,-0.0003004825976597679,1.0717411000000001,0.04982403293803378,1.2830663066629326e-07,-0.00544119600000002,0.015228887461125851,0.015153255686163903,-7.56317749619484e-05,-3.1015557115981536e-07,32.99583789825439,0.0013861603827009425,34.409645080566406,32.1103466796875,0.002727197738084383,1.9027534675598146,10700.8,588.8,10112.0,-60.1680648064806,10065.605854711383,0.8875536192849495,-0.0002825879402496604,3.15,0.20227476755349824,3.15,0.0,-0.40205515999999997,FastCharge_000015_CH14,FastCharge_000015_CH14,1049,6
1.11862731,1.06856657,0.05006073999999994,-0.00030853547314731216,1.0673251,0.049208690911138706,-1.1708303630364907e-05,-0.005151110000000006,0.01557627022266388,0.015545703005045652,-3.05672176182277e-05,-1.0049746263109897e-07,37.60562538146973,0.009233849288249081,38.255226135253906,34.188228645324706,0.004165897066086037,6.315333156585694,10700.8,588.8,10112.0,-60.01828982898286,10065.73729233979,0.8814376161393388,-0.0003037730560885275,3.15,0.20227476755349824,3.15,0.0,-0.3968334800000002,FastCharge_000015_CH20,FastCharge_000015_CH20,818,6
1.11591038,1.0675533300000002,0.0483570499999999,-0.00029717385418541594,1.0642038999999999,0.04838734945388927,-3.1696801680201733e-06,-0.005021354000000011,0.01520436443388462,0.015108057856559753,-9.63065773248676e-05,-9.913943672176252e-07,37.218451499938965,0.007974159499385203,37.803340911865234,34.09498149871826,0.004609392511211613,5.976068038940429,10675.2,601.6,10073.6,-59.974509450945064,10053.001679975981,0.881582712620333,-0.0002849775267984311,3.15,0.20227476755349824,3.15,0.0,-0.3912477999999997,FastCharge_000015_CH22,FastCharge_000015_CH22,817,6
1.1186611199999998,1.06740912,0.05125199999999985,-0.00032130065466546377,1.0665783000000002,0.04939137484678551,-2.3393775577555227e-05,-0.0051271960000000005,0.015086726099252701,0.015023169573396444,-6.355652585625718e-05,-9.917178795639572e-08,37.96187328338623,0.00746681749015971,38.5187873840332,35.25746227264404,0.006647140475461339,5.672528705596924,10726.4,588.8,10137.6,-59.853921392139206,10051.812779792506,0.8880864989820748,-0.00027369257006673575,3.15,0.20227476755349824,3.15,0.0,-0.3975491200000001,FastCharge_000015_CH28,FastCharge_000015_CH28,1147,6
1.12293187,1.07462765,0.0483042199999999,-0.0002907922964296453,1.0709693,0.049116514718117336,8.058132013200447e-06,-0.005160109000000008,0.015674726758152246,0.015630705375224353,-4.402138292789251e-05,-1.250674286981156e-08,39.13134189605713,0.008315972992868223,39.78699493408203,35.70994941711426,0.005772186608919613,6.910945053100586,10700.8,640.0,10060.8,-59.677263726372594,10064.149182996047,0.8881416495346496,-0.00028465571037622267,3.15,0.20227476755349824,3.15,0.0,-0.3972115000000003,FastCharge_000015_CH36,FastCharge_000015_CH36,1029,6
1.11363056,1.0634778,0.05015276000000002,-0.0003104918589858981,1.0626153,0.04914783742563949,-1.5491549954989895e-05,-0.005132590999999987,0.015463561657816172,0.015379688516259194,-8.387314155697788e-05,-2.5173559775944706e-07,38.529716796875,0.0073870679762067576,39.08673095703125,35.497788734436035,0.006697195575575458,6.396928939819336,10688.0,601.6,10086.4,-59.923048304830466,10052.870238812395,0.8860029206447894,-0.00027217285625364676,3.15,0.20227476755349824,3.15,0.0,-0.3958949999999999,FastCharge_000015_CH44,FastCharge_000015_CH44,1094,6
1.1101118,1.0620811099999998,0.048030690000000265,-0.00029406945514550976,1.0581568000000001,0.0486142087423578,1.4551767176741302e-06,-0.005245025000000001,0.015521072968840598,0.015319090150296689,-0.0002019828185439096,-2.200093378525007e-06,37.51465576171875,0.01249276844188314,38.35811233520508,34.03110961914062,0.008750924179942481,6.656292476654053,10713.6,588.8,10124.800000000001,-60.08357635763572,10053.264068231776,0.8822698874364038,-0.0002665632595594408,3.15,0.20227476755349824,3.15,0.0,-0.39352381999999975,FastCharge_000015_CH4,FastCharge_000015_CH4,797,6
1.1583230199999999,1.0738819300000002,0.08444108999999966,-0.0004994463300330021,1.0648883999999998,0.0880480721182088,-0.00019793356315632026,-0.0054745539999999935,0.018904899060726166,0.01734691709280014,-0.0015579819679260275,-9.35818191909443e-06,34.24762798309326,0.011068053910798821,35.80637741088867,31.415046882629394,0.004045372180955965,4.726350612640381,3865.6,614.4,3251.2,-19.40699669966995,3239.152481745804,0.874941870889726,-0.0003652819072886755,3.15,0.20227476755349824,3.15,0.0,-0.7132448399999998,FastCharge_000016_CH17,FastCharge_000016_CH17,527,4
1.1177147900000002,1.0697819800000001,0.04793281000000005,-0.00028931692649264765,1.0664694,0.0486159742315248,3.533289528950953e-06,-0.005111146999999976,0.015504758898168802,0.01547461124137044,-3.014765679836169e-05,-3.2913358923975197e-08,34.27642734527588,0.002428559590273103,34.60008239746094,32.783317737579345,0.002612580620702345,3.1182874488830565,10752.0,652.8,10099.2,-59.84777677767773,10034.015521933376,0.8889162151962533,-0.00026549086637650256,3.15,0.20227476755349824,3.15,0.0,-0.3927663199999998,FastCharge_000017_CH17,FastCharge_000017_CH17,1837,8
1.11213254,1.06388922,0.04824331999999987,-0.0002905227722772278,1.0608749,0.04874156847207833,7.70974197420104e-06,-0.0052956470000000075,0.015477648470550776,0.015404066629707813,-7.358184084296261e-05,-3.193401609442252e-07,34.78760299682617,0.004001685370563637,35.20887756347656,32.52790559768677,0.002536284432123893,4.099978504180908,934.4,665.6,268.79999999999995,-1.5284728472847322,244.7311798688513,0.8853885761575923,-0.0002733520001128985,3.15,0.20227476755349824,3.15,0.0,-0.3937110799999999,FastCharge_000017_CH1,FastCharge_000017_CH1,1079,8
1.11119198,1.06265028,0.04854170000000013,-0.00029673699429942255,1.0605524,0.04851799749742251,-2.0629762976289354e-06,-0.004981129000000026,0.015424877312034369,0.015300783794373274,-0.000124093517661095,-7.368555024798188e-07,37.82945835113525,0.005035233770874806,38.218162536621094,34.908856563568115,0.005361260540879659,5.945238952636719,10764.8,691.2,10073.599999999999,-59.76482448244821,10058.993751345113,0.889157028697417,-0.00025413449428188836,3.15,0.20227476755349824,3.15,0.0,-0.3917863199999996,FastCharge_000017_CH25,FastCharge_000017_CH25,1639,8
1.11667721,1.0674237,0.04925351,-0.0002953577287728811,1.0650446000000002,0.049028704996945796,1.7001464146460361e-06,-0.004765431,0.015328098740428685,0.015274933446198702,-5.316529422998324e-05,-2.966177063842747e-07,38.19986587524414,0.004155255262464746,38.519100189208984,34.896206092834475,0.004189553133474863,6.511029624938965,10752.0,652.8,10099.2,-60.11199519951993,10046.87410762173,0.8865857191309536,-0.00026244701025574554,3.15,0.20227476755349824,3.15,0.0,-0.39569149999999986,FastCharge_000017_CH33,FastCharge_000017_CH33,2190,8
1.12285249,1.07361568,0.04923681000000002,-0.0002995767764776463,1.07156,0.04880217826993177,-5.3569252925259085e-06,-0.004683039999999994,0.015540144219994546,0.01531727546826005,-0.00022286875173449516,-1.777692871464931e-06,38.1145478439331,0.007284247246440905,38.663818359375,35.395779285430905,0.008533384264177182,5.991937179565429,10816.0,652.8,10163.2,-60.3408820882088,10045.637918539569,0.8919126020570132,-0.00023833588873489522,3.15,0.20227476755349824,3.15,0.0,-0.39360443999999983,FastCharge_000017_CH41,FastCharge_000017_CH41,2238,8
1.09734599,1.04863377,0.048712220000000084,-0.00029214377497750206,1.0410731,0.048788771386071385,-1.7242070206978632e-06,-0.004226816000000005,0.014868595264852047,0.014752652309834958,-0.0001159429550170888,3.7893525498279265e-07,37.82001655578613,0.00372070646700906,38.208900451660156,34.98653015136719,0.005819047755605645,5.945591201782227,10790.4,652.8,10137.6,-60.18112211221119,10059.732543880078,0.8894975922495566,-0.00024009425267733754,3.15,0.20227476755349824,3.15,0.0,-0.3932788399999998,FastCharge_000017_CH46,FastCharge_000017_CH46,1391,8
1.1181688900000002,1.0691764300000002,0.048992460000000015,-0.0002924085694569459,1.0657128,0.04970410575584366,8.689119711968267e-06,-0.00511292300000002,0.01635764241218567,0.015868879109621047,-0.0004887633025646224,-4.959126373883206e-06,35.55565891265869,0.016651122959891164,37.08730697631836,33.00682943344116,0.012177287678871579,4.940076026916504,10764.8,640.0,10124.8,-60.15961596159611,10058.993751345115,0.8853798950947087,-0.00022553501580683968,3.15,0.20227476755349824,3.15,0.0,-0.40150573999999994,FastCharge_000017_CH6,FastCharge_000017_CH6,1643,8
1.12002713,1.0710637,0.04896342999999992,-0.00029243929312931127,1.0688018,0.04925951896210137,3.466339033902227e-06,-0.005144405999999993,0.01571810245513916,0.015645257476717234,-7.28449784219258e-05,-4.029610358287925e-07,34.677567405700685,0.004464629682878023,35.08553695678711,32.70547786712646,0.0038399746880817265,3.9144062995910645,10764.8,640.0,10124.8,-60.33857785778574,10072.957539868814,0.887604818670305,-0.00026510405927237146,3.15,0.20227476755349824,3.15,0.0,-0.39741552,FastCharge_000017_CH9,FastCharge_000017_CH9,1802,8
1.1456205499999998,1.0871842100000002,0.05843633999999964,-0.0003545066810681099,1.0825964,0.05839837837141324,-5.747943354335463e-05,-0.005110193999999984,0.01641893181949854,0.016389927268028258,-2.9004551470281775e-05,3.627367918998707e-07,36.82801132202148,0.008064338141577735,37.49085998535156,33.01615280151367,0.003094875130823705,6.7001220321655275,8729.6,588.8,8140.8,-48.336609660966076,8092.5143104970775,0.8751452591295379,-0.00033021448370808867,3.15,0.20227476755349824,3.15,0.0,-0.47193598000000025,FastCharge_000018_CH18,FastCharge_000018_CH18,789,4
1.1398665399999999,1.07960215,0.060264389999999946,-0.0003669141854185461,1.0751325,0.060059733601180054,-5.775742874287098e-05,-0.00562164700000001,0.016240302100777627,0.016271574050188066,3.127194941043854e-05,1.261741573428524e-06,36.225886039733886,0.005913990317183544,37.14435958862305,33.05809909820557,0.0029009828244177336,5.854725894927978,9062.4,614.4,8448.0,-50.309030903090274,8435.452500014448,0.8785643417606042,-0.00034182400922571244,3.15,0.20227476755349824,3.15,0.0,-0.48504526000000014,FastCharge_000019_CH29,FastCharge_000019_CH29,732,6
1.1547090500000001,1.0940131099999997,0.06069594000000045,-0.000374530667266729,1.0895553,0.059953329027843824,-6.513341794178874e-05,-0.005700011999999994,0.01659219227731228,0.016565695777535437,-2.649649977684229e-05,5.239904923837013e-07,37.71545101165771,0.011454058056867604,38.728721618652344,33.6441189956665,0.004475801103364785,7.357413005828858,9075.2,601.6,8473.6,-50.37969396939691,8435.187957502785,0.8775395425437054,-0.0003406289816511727,3.15,0.20227476755349824,3.15,0.0,-0.4842233,FastCharge_000019_CH30,FastCharge_000019_CH30,758,6
1.16567637,1.07192057,0.09375579999999983,-0.0005910625190519044,1.0711476,0.08901940681287818,-0.00028139318391838644,-0.005489822999999989,0.018839848414063453,0.017046484909951688,-0.0017933635041117654,-1.207947102871308e-05,35.87327236175537,0.01152715054067663,36.93468475341797,32.22738981246948,0.0029676639271897934,5.968073692321777,3878.4,614.4,3264.0,-19.367824782478237,3238.4505924901805,0.8745386842337713,-0.00038263117772804905,3.15,0.20227476755349824,3.15,0.0,-0.71607716,FastCharge_000020_CH23,FastCharge_000020_CH23,564,65
1.1602654600000002,1.06134378,0.09892168000000012,-0.0006603706588658848,1.0602171,0.08768235771845556,-0.0003551882424242428,-0.005171300999999997,0.01819725576788187,0.016213547438383102,-0.0019837083294987692,-1.3397689735499613e-05,38.38176933288574,0.015967871857376262,39.43522644042969,33.559020919799806,0.00676544537388316,8.03939130783081,3840.0,601.6,3238.4,-18.923876387638753,3240.917535266827,0.873949559610155,-0.0003862718031651662,3.15,0.20227476755349824,3.15,0.0,-0.7025752199999995,FastCharge_000021_CH28,FastCharge_000021_CH28,493,4
1.15592828,1.06972997,0.08619830999999989,-0.0005154825496549621,1.0623763000000002,0.08736656412961709,-0.00021162034023402526,-0.005348278,0.018723260052502154,0.01732379775494337,-0.0013994622975587838,-8.028983408146533e-06,35.716204223632815,0.012379753279893435,36.62397003173828,31.981495208740235,0.0030508342963812044,5.889970874786377,3865.6,614.4,3251.2,-19.39547554755474,3251.8862897709087,0.8758472349809009,-0.00036632237609249735,3.15,0.20227476755349824,3.15,0.0,-0.7059947,FastCharge_000022_CH24,FastCharge_000022_CH24,497,9
1.14026099,1.080444,0.05981699000000007,-0.0003618860960095985,1.0750237,0.06017197290679789,-5.091280948094718e-05,-0.005483142000000029,0.016489554569125174,0.016555959731340407,6.640516221523285e-05,1.7996529156904863e-06,33.96204814910889,0.00640949181740678,34.868446350097656,32.03060564041138,0.0024745831631197987,3.6896667289733887,9152.0,691.2,8460.8,-50.30288628862881,8413.855459086519,0.8810441502728658,-0.0003463022045053359,3.15,0.20227476755349824,3.15,0.0,-0.48634576000000007,FastCharge_000023_CH37,FastCharge_000023_CH37,705,7
1.13626742,1.0770374600000001,0.059229959999999915,-0.0003595729906990658,1.0719458,0.05938139690692919,-5.40266240624016e-05,-0.005299497999999996,0.016622496582567692,0.01666158027946949,3.908369690179894e-05,1.5241637861732213e-06,36.03928695678711,0.00938767857498631,36.99362564086914,32.935921077728274,0.0034113665768737674,5.800429039001465,9126.4,691.2,8435.199999999999,-50.27523552355234,8414.107431308446,0.8809929330942096,-0.00033440686056818955,3.15,0.20227476755349824,3.15,0.0,-0.47986932000000015,FastCharge_000023_CH38,FastCharge_000023_CH38,649,7
1.16093847,1.07653137,0.08440709999999996,-0.0004954306924692485,1.0664768999999998,0.08758247724498967,-0.00019041038523851878,-0.005245657999999995,0.018820936605334283,0.0178520031273365,-0.0009689334779977819,-3.75234237750515e-06,37.78337673187256,0.01755486679191601,39.44459533691406,32.996235332489015,0.004551186903510955,7.527703552246094,3865.6,588.8,3276.8,-19.112055205520548,3240.24889513136,0.8732863373067589,-0.00039575026489933337,3.15,0.20227476755349824,3.15,0.0,-0.7085621200000003,FastCharge_000024_CH45,FastCharge_000024_CH45,481,6
1.13699796,1.0798876,0.05711036000000003,-0.00033456678787878783,1.0736028999999998,0.058591603961175284,-3.609890669066666e-05,-0.005200180000000026,0.016415814869105816,0.016313893906772136,-0.00010192096233367989,-8.303348724991029e-07,33.01921321868897,0.0038257205160823335,34.654666900634766,30.905407619476318,0.0019835872175169066,3.775711135864258,1920.0,652.8,1267.2,-18.210333033303325,2732.5224027626937,0.8797383771028151,-0.00028315662972302043,3.15,0.20227476755349824,3.15,0.0,-0.4744054799999997,FastCharge_000025_CH7,FastCharge_000025_CH7,1075,4
0.9820286960000001,0.928465188,0.05356350800000009,-0.0005247131332733307,0.92675346,0.019358572164037403,-0.0005211052585058488,8.708570000000471e-05,0.016830774024128914,0.017322297394275665,0.0004915233701467507,5.6597084799508344e-06,31.627429580688478,-0.011791542137917175,37.125221252441406,29.848997116088867,-0.007423406509962452,3.2664825820922854,1625.6,768.0,857.5999999999999,-4.682196219621963,896.259619529966,0.8584193061818831,-0.00016598168575299673,3.15,0.20227476755349824,3.15,0.0,-0.09664498599999993,FastCharge_000026_CH5,FastCharge_000026_CH5,210,4
1.1563470299999998,1.07158939,0.08475763999999986,-0.0005036808994899524,1.0634685,0.08669165569184234,-0.00020290960576058216,-0.005229072999999982,0.018913686648011206,0.017468267120420933,-0.0014454195275902734,-8.4041310387655e-06,36.49803615570068,0.009128590723146996,37.10179901123047,32.37942697525025,0.002032089359296029,6.577398853302002,3840.0,614.4,3225.6,-19.214977497749768,3226.5575721502323,0.8763470192654786,-0.0003525277112262775,3.15,0.20227476755349824,3.15,0.0,-0.7009508200000001,FastCharge_000027_CH31,FastCharge_000027_CH31,509,2
1.15076116,1.09424997,0.056511190000000155,-0.0003379437653765422,1.0874287,0.05828252781426952,-4.0260861086108935e-05,-0.005337642000000024,0.016787474043667316,0.016810226440429687,2.275239676237037e-05,9.193080942658866e-07,34.45068641662598,0.002502247386603792,35.16098403930664,32.06315416336059,0.0009768292999039199,4.136116256713867,8793.6,665.6,8128.0,-48.33891389138912,8084.601088390196,0.8822552904647962,-0.000298708381178653,3.15,0.20227476755349824,3.15,0.0,-0.47212662000000005,FastCharge_000028_CH19,FastCharge_000028_CH19,879,4
1.1297117800000003,1.08771575,0.041996030000000184,-0.000245371877587763,1.0815607,0.04468192131048081,5.837853345334304e-05,-0.0053929820000000106,0.016952286288142205,0.016925944201648235,-2.634208649397035e-05,4.6851386715983496e-07,35.981351127624514,0.004815174884492833,36.799232482910156,32.620974731445315,0.0019943194270599283,5.707395439147949,8793.6,665.6,8128.0,-48.256729672967275,8084.477973400632,0.8845895664620277,-0.00032460380856045136,3.15,0.20227476755349824,3.15,0.0,-0.3627590799999998,FastCharge_000028_CH20,FastCharge_000028_CH20,1055,4
1.13861413,1.07960805,0.05900607999999985,-0.0003553705694569486,1.0729731000000002,0.05970494564510526,-4.995654245425213e-05,-0.005639528000000025,0.016929914988577367,0.01667112559080124,-0.00025878939777612686,5.6717022716945235e-06,35.78977287292481,0.004086448058257995,36.496124267578125,32.2518625831604,0.00035982272162137305,6.039959640502929,1830.4,588.8,1241.6000000000001,-7.482604260426041,1253.6448339142955,0.8771039502251576,-0.00031395688169019254,3.15,0.20227476755349824,3.15,0.0,-0.4837019399999998,FastCharge_000029_CH10,FastCharge_000029_CH10,637,8
1.15544618,1.09599544,0.059450739999999946,-0.000356094050405042,1.0909803999999999,0.059308333694138606,-5.3882037803772926e-05,-0.005382754999999997,0.01629092711955309,0.016270643286406993,-2.0283833146096664e-05,7.388252142382004e-06,35.31906452178955,0.004067800082925855,36.05392837524414,31.968028888702392,0.000901541184849687,5.737975482940674,1830.4,588.8,1241.6000000000001,-7.474155415541556,1253.4925697426365,0.880712278811966,-0.0003080639658935311,3.15,0.20227476755349824,3.15,0.0,-0.47911042000000004,FastCharge_000029_CH9,FastCharge_000029_CH9,871,8
1.1680103599999998,1.08115091,0.08685944999999973,-0.000521224187218722,1.0742625,0.08754285212746439,-0.0002153183726372639,-0.0052981739999999845,0.018323354609310626,0.017030717246234416,-0.0012926373630762107,-7.112587332957981e-06,37.24312759399414,0.015843792676997075,38.206268310546875,32.833063411712644,0.00458027689441914,7.077821559906006,3840.0,614.4,3225.6,-19.222658265826574,3226.5575721502323,0.8778799797053138,-0.0003691237007339107,3.15,0.20227476755349824,3.15,0.0,-0.70698528,FastCharge_000030_CH30,FastCharge_000030_CH30,511,4
1.1601749499999998,1.0430169999999999,0.11715794999999996,-0.0008660124998499868,1.0345417,0.08952109349191295,-0.0005547537419741957,-0.00525084799999999,0.01855498757213354,0.01716320253908634,-0.0013917850330472,-5.69294587095107e-06,32.14287893295288,0.008730768168827318,33.97221755981445,30.037290267944336,0.005698293233254016,4.085418071746826,3852.8,627.2,3225.6000000000004,-19.111287128712856,3237.879863367385,0.8621109570466443,-0.0005361281048049389,3.15,0.20227476755349824,3.15,0.0,-0.7071829200000002,FastCharge_000031_CH9,FastCharge_000031_CH9,328,1
1.1693654900000001,1.08299173,0.08637376000000008,-0.0005211785598559843,1.0757267,0.08698901524799797,-0.0002216174833483315,-0.005140346000000011,0.01841725092381239,0.017001351714134215,-0.0014158992096781758,-8.335388747557768e-06,35.1773962020874,0.009719901120666336,36.1468391418457,31.90930124282837,0.001490218651534271,5.291154403686523,3865.6,614.4,3251.2,-19.32327632763275,3239.0131277288774,0.8768910256084884,-0.00036745115707630577,3.15,0.20227476755349824,3.15,0.0,-0.7028306800000002,FastCharge_000032_CH22,FastCharge_000032_CH22,542,65
1.15815528,1.07109477,0.08706050999999992,-0.0005211134593459297,1.0641999,0.0879925340263387,-0.000215533166516652,-0.005644452000000029,0.018264837563037872,0.016842715442180634,-0.0014221221208572388,-8.12397077746694e-06,35.70813911437988,0.011515485166680722,36.829566955566406,32.028093280792234,0.0026653885061663648,6.034453201293945,3865.6,601.6,3264.0,-19.354767476747654,3239.152481745804,0.8773898467114515,-0.0003674105081555758,3.15,0.20227476755349824,3.15,0.0,-0.7107152400000001,FastCharge_000033_CH14,FastCharge_000033_CH14,509,6
1.16114885,1.0713229299999998,0.08982592000000023,-0.0005552889042904312,1.0680432,0.0872607748000819,-0.0002503434005400579,-0.006140025999999958,0.01876538936048746,0.017084102891385556,-0.0016812864691019037,-1.1119430668444096e-05,37.196464920043944,0.013603084139590696,38.132205963134766,33.17532999038696,0.005037091550189035,6.740975742340088,3840.0,614.4,3225.6,-19.23187518751873,3213.1240633377356,0.8772849565508102,-0.00036956059983252404,3.15,0.20227476755349824,3.15,0.0,-0.7035090800000001,FastCharge_000034_CH27,FastCharge_000034_CH27,507,4
1.1561761,1.0488444499999998,0.10733165000000011,-0.0007432148274827453,1.0474256,0.08890537671054331,-0.0004350151569156925,-0.0058308529999999935,0.01798101346939802,0.01630308348685503,-0.0016779299825429896,-1.0284912372061072e-05,38.482884864807126,0.014199028324158076,39.80894088745117,33.62060781478882,0.0020238554502728604,8.496431446075439,3840.0,601.6,3238.4,-19.178109810981088,3226.5575721502323,0.867894371738168,-0.0004882389084390382,3.15,0.20227476755349824,3.15,0.0,-0.7084126799999999,FastCharge_000035_CH12,FastCharge_000035_CH12,363,2
1.13232973,1.04741413,0.08491559999999998,-0.0005178630837083701,1.0383378,0.08643064865852744,-0.00021330702910291253,-0.0054859610000000236,0.018919708952307702,0.017097712866961955,-0.0018219960853457472,-1.1718138804261928e-05,36.414794731140134,0.007626476980278708,36.92367935180664,32.37548328399658,0.0031533213059464532,6.832945899963379,3827.2,588.8,3238.3999999999996,-19.190399039903987,3226.833795781866,0.8662046699426529,-0.00031165370338496036,3.15,0.20227476755349824,3.15,0.0,-0.6999111599999999,FastCharge_000036_CH48,FastCharge_000036_CH48,747,6
1.1396377500000001,1.0820238899999999,0.05761386000000024,-0.0003407257227722718,1.0753926999999999,0.059811664446184895,-3.3407327332735584e-05,-0.005547959999999994,0.016534173302352427,0.016521915048360824,-1.2258253991603157e-05,3.7072032484390177e-07,37.44134227752686,0.006726190021651142,38.35481643676758,33.428204956054685,0.0030230902423738133,7.050885353088379,8755.2,640.0,8115.200000000001,-48.266714671467106,8075.213435296931,0.8833538707719633,-0.0003050545005487658,3.15,0.20227476755349824,3.15,0.0,-0.48429789999999984,FastCharge_000037_CH21,FastCharge_000037_CH21,902,4
1.142261,1.08380398,0.05845702000000008,-0.0003496694359435921,1.0773282,0.06004716944073666,-4.1688700270026175e-05,-0.005405872000000018,0.017144780606031418,0.017126972787082195,-1.7807818949222565e-05,4.5853599060982903e-07,34.67545791625977,0.004781147395745519,35.892478942871094,32.07247512817383,0.0022580702970809463,4.6570307159423825,8755.2,640.0,8115.200000000001,-48.25442544254423,8075.213435296931,0.8791273148055444,-0.00030808132583349883,3.15,0.20227476755349824,3.15,0.0,-0.4860746199999999,FastCharge_000037_CH22,FastCharge_000037_CH22,897,4
1.16228976,1.06619351,0.09609625,-0.0006233922274227466,1.0654062,0.08806442258369865,-0.0003198188088808886,-0.005779989999999986,0.017945483140647412,0.0161006486043334,-0.0018448345363140106,-1.21634045016147e-05,37.02905437469482,0.013516730907404633,38.02289581298828,32.87137844085694,0.0052923657920602085,6.899058265686035,3840.0,588.8,3251.2,-19.320972097209708,3226.5575721502323,0.8769631551686733,-0.00038364983788694663,3.15,0.20227476755349824,3.15,0.0,-0.7070241399999997,FastCharge_000038_CH13,FastCharge_000038_CH13,473,6
1.13990869,1.07987948,0.060029209999999944,-0.0003624982592259279,1.0750393999999999,0.06012198179108884,-5.230762916291413e-05,-0.00607665300000003,0.016756913065910338,0.0167938020080328,3.688894212246219e-05,1.4191101862079792e-06,37.4767333984375,0.009999880420170797,38.30351257324219,33.74584445953369,0.0036389428203684616,6.855411739349365,9139.2,665.6,8473.6,-50.366636663666334,8429.319564852192,0.8819022422371823,-0.00032512216983641333,3.15,0.20227476755349824,3.15,0.0,-0.4855666399999998,FastCharge_000039_CH27,FastCharge_000039_CH27,861,6
1.1415904099999998,1.08203404,0.059556369999999914,-0.00035951733693369216,1.076773,0.06006419332165544,-4.937346354635055e-05,-0.0054523609999999655,0.016625313088297844,0.01665089912712574,2.5586038827896812e-05,1.2781628162482047e-06,35.39118118286133,0.006773049451551437,36.258758544921875,32.68479629516602,0.002653973176248186,4.965216064453125,9126.4,665.6,8460.8,-50.32055205520547,8428.830517788336,0.881965350551444,-0.00032182221323638974,3.15,0.20227476755349824,3.15,0.0,-0.48543369999999997,FastCharge_000039_CH28,FastCharge_000039_CH28,918,6
1.1623325000000002,1.07887141,0.08346109000000013,-0.0004945018427842836,1.0695118000000001,0.08592005626342698,-0.00019582446804680621,-0.0051914329999999944,0.018836067989468575,0.017602257430553436,-0.0012338105589151382,-6.590568193114628e-06,34.83157199859619,0.009570136586717671,35.575103759765625,31.764773960113526,0.0033383876755900266,5.010660648345947,3814.4,576.0,3238.4,-19.21267326732672,3214.374371226848,0.8773295827335802,-0.000351445737040069,3.15,0.20227476755349824,3.15,0.0,-0.6952852,FastCharge_000040_CH32,FastCharge_000040_CH32,521,2
1.15939424,0.9763989930000001,0.1829952469999998,-0.0015965324535853584,0.96991605,0.0970647783347761,-0.0012744425080708057,-0.004448972799999989,0.018985924310982227,0.016783005744218826,-0.0022029185667634017,-1.7283956567482173e-05,36.788614463806155,0.0028256560015741945,38.5433235168457,32.38045827865601,0.010452733181490832,7.725423927307129,3840.0,652.8,3187.2,-18.78562256225621,3210.449243579471,0.8547060485689287,-0.0003961360341976973,3.15,0.20227476755349824,3.15,0.0,-0.7059467000000001,FastCharge_000041_CH10,FastCharge_000041_CH10,172,2
1.1587129600000001,1.07226766,0.08644530000000006,-0.0005174137017701799,1.0651143,0.08758562418109037,-0.0002167809594959559,-0.0054280929999999785,0.01856851503252983,0.017097530514001848,-0.0014709845185279825,-8.28334308899169e-06,38.774611473083496,0.016432462223578356,40.03132629394531,33.59387773513794,0.0049047329774176114,8.276212139129639,3865.6,601.6,3264.0,-19.33710171017101,3239.2913239781324,0.8728277672526044,-0.0003670304876895189,3.15,0.20227476755349824,3.15,0.0,-0.7079695399999999,FastCharge_000042_CH36,FastCharge_000042_CH36,488,2
1.1584627,1.0677523899999999,0.09071031000000018,-0.0005709901560155998,1.0651031000000002,0.08699045350992983,-0.00026693676327632106,-0.0058216409999999955,0.01933724582195282,0.017652979493141173,-0.0016842663288116483,-1.122300164087234e-05,38.6582234954834,0.01328751983779921,39.45745849609375,33.36733812332153,0.009269481112997765,8.61159393310547,3852.8,601.6,3251.2000000000003,-19.440024002400225,3226.1393834736905,0.8746065808112895,-0.0003627602288305114,3.15,0.20227476755349824,3.15,0.0,-0.7011911,FastCharge_000043_CH16,FastCharge_000043_CH16,598,6
1.1347517599999999,1.06256157,0.07219018999999993,-0.0004928141470147016,1.0614847,0.06078898278304453,-0.00018463041884188001,-0.00583273699999999,0.015635222569108008,0.015150725282728672,-0.0004844972863793356,2.4740327291577463e-06,34.92738258361816,0.00047030220294975647,35.50493240356445,32.135171241760254,-7.97152698057686e-05,4.964952373504639,1779.2,524.8,1254.4,-7.419621962196214,1246.935504988129,0.8738711971502567,-0.0003715344449983011,3.15,0.20227476755349824,3.15,0.0,-0.4854111600000002,FastCharge_000044_CH11,FastCharge_000044_CH11,535,4
1.1443931399999998,1.0776200299999998,0.06677310999999997,-0.00043387700750075153,1.0769062,0.060196923132532894,-0.00012983131653165596,-0.006090453999999987,0.015298146102577449,0.015132142324000597,-0.00016600377857685193,6.166104201597447e-06,36.94215103149414,-0.007133161588863939,37.61555862426758,33.1110174369812,-0.0008845541193218129,6.691096401214599,1766.4,537.6,1228.8000000000002,-7.35587158715871,1246.8507528970738,0.8769931903259135,-0.000373381411079,3.15,0.20227476755349824,3.15,0.0,-0.48326132,FastCharge_000044_CH12,FastCharge_000044_CH12,560,4
1.13326293,1.0758193300000003,0.057443599999999595,-0.0005465145196519696,1.0691586000000002,0.07529170428927139,-0.00024104527212721633,-0.005333330999999979,0.016713098995387553,0.016677201166749,-3.589782863855362e-05,-9.896947775665596e-07,35.37913360595703,-0.0005930438472313509,35.99470520019531,31.585955410003663,-7.173051213203464e-05,6.032596321105957,2009.6,780.8,1228.8,-7.378913891389132,1233.8635671742636,0.8905663854798466,-0.00027274965393064,3.15,0.20227476755349824,3.15,0.0,-0.4861591599999999,FastCharge_000045_CH1,FastCharge_000045_CH1,1190,6
1.1378459199999997,1.08085092,0.056994999999999685,-0.0003461143108310837,1.0725228999999998,0.05980928144940959,-3.984981158115935e-05,-0.00532148200000002,0.01699508596211672,0.01696819830685854,-2.6887655258180793e-05,7.924130636312378e-06,34.16375232696533,-0.0020967247863092897,34.71226501464844,31.32136152267456,-0.0022999114372191684,4.600105018615722,2009.6,806.4,1203.1999999999998,-6.902706270627059,1233.6829647847132,0.889075729482838,-0.0002588124986478719,3.15,0.20227476755349824,3.15,0.0,-0.4853258599999999,FastCharge_000045_CH2,FastCharge_000045_CH2,1179,6
1.14258765,1.08517937,0.05740827999999998,-0.0003434076909690951,1.0773673000000001,0.060035876920341714,-3.6200790279025175e-05,-0.0054135499999999805,0.01681247875094414,0.01681909877806902,6.6200271248810505e-06,8.156743082794828e-06,34.5477473449707,-0.001580672196858224,35.127342224121094,31.470647010803223,-0.0023135928781476615,4.904376621246338,2009.6,832.0,1177.6,-6.9365016501650105,1233.6829647847132,0.8902986512165234,-0.00026250177476175784,3.15,0.20227476755349824,3.15,0.0,-0.48666315999999976,FastCharge_000045_CH3,FastCharge_000045_CH3,1177,6
1.14154973,1.0822466800000001,0.0593030499999998,-0.000360074979897991,1.0764788,0.05995217084710277,-5.001406720672346e-05,-0.005452031000000001,0.016716554388403894,0.01668075267225504,-3.5801716148853996e-05,6.014273965497726e-07,36.63161529541016,0.008482126670308721,37.75831604003906,32.82123348236084,0.0027814186982052266,6.594490871429444,9152.0,678.4,8473.6,-50.394287428742835,8427.344542523464,0.8825321079019953,-0.0003118970338349732,3.15,0.20227476755349824,3.15,0.0,-0.48475268000000016,FastCharge_000046_CH31,FastCharge_000046_CH31,891,6
1.14132456,1.08180762,0.05951693999999996,-0.00036060955895589737,1.0765325000000001,0.05993626131474081,-5.136271347134587e-05,-0.005349694000000016,0.0169301426038146,0.016917638853192328,-1.2503750622273185e-05,8.074278467380412e-07,34.866341781616214,0.0059557173826513335,36.165897369384766,31.97338809967041,0.0023771076448465137,5.060003089904785,9152.0,640.0,8512.0,-50.68999699969996,8427.967132731355,0.8818141667563992,-0.00030687694821925586,3.15,0.20227476755349824,3.15,0.0,-0.48424497999999994,FastCharge_000046_CH32,FastCharge_000046_CH32,1015,6
1.1666704500000002,1.0770610399999998,0.08960941000000044,-0.0005582935763576353,1.0718927,0.08749424594081874,-0.000254257627362737,-0.005356362999999991,0.018852214328944683,0.017357211746275424,-0.0014950025826692588,-9.570413126875388e-06,36.277837104797364,-0.00865172779027176,37.163726806640625,32.34175518035889,-0.004622596330983157,6.157170963287354,3814.4,640.0,3174.4,-18.64967296729671,3212.26730245165,0.8741980145402698,-0.0003793272583390108,3.15,0.20227476755349824,3.15,0.0,-0.70598626,FastCharge_000047_CH21,FastCharge_000047_CH21,522,65
1.14437393,1.08596922,0.058404710000000026,-0.00035425085148515237,1.0803633999999998,0.05877471276489561,-5.160525592559028e-05,-0.0049377770000000095,0.01674441769719124,0.016787786036729813,4.336833953857283e-05,1.3471528677621685e-06,37.74450244903564,0.008741237321058791,38.38856887817383,33.435213813781736,0.002689999369504742,7.468822956085205,9164.8,729.6,8435.199999999999,-50.13467746774675,8410.90123266229,0.8834875212916614,-0.00029734936259352473,3.15,0.20227476755349824,3.15,0.0,-0.4752647400000001,FastCharge_000048_CH43,FastCharge_000048_CH43,967,8
1.14140724,1.08234008,0.059067159999999896,-0.0003543346726672692,1.0760245000000002,0.06008032383287392,-4.3200099009904475e-05,-0.005195714999999992,0.016832027956843375,0.01682570409029722,-6.323866546153328e-06,9.665435234274933e-07,36.81453804016113,0.0067819141075484415,37.57667541503906,33.051418685913085,0.0024365927040701342,6.576230602264404,9164.8,716.8,8448.0,-50.13698169816979,8411.031841575683,0.8832204699993221,-0.0003063200212656272,3.15,0.20227476755349824,3.15,0.0,-0.48600005999999984,FastCharge_000048_CH44,FastCharge_000048_CH44,1052,8
1.16835216,1.0853255699999997,0.08302659000000023,-0.0004887055499549934,1.0753652,0.08673618230897753,-0.00019000442304230439,-0.005398815999999989,0.021397779509425164,0.020276345126330853,-0.0011214343830943108,-5.270121968386255e-06,38.083196296691895,0.014972452437809789,39.087947845458984,33.37415214538574,0.004935107753329173,7.798472995758057,3840.0,588.8,3251.2,-19.323276327632755,3214.10013534115,0.8728578559112706,-0.00035805193597668707,3.15,0.20227476755349824,3.15,0.0,-0.7022401800000002,FastCharge_000049_CH37,FastCharge_000049_CH37,562,6
1.10725658,1.05723835,0.05001823000000005,-0.00030857607860786254,1.0551282,0.0495138710422592,-1.0536549054902833e-05,-0.005183967999999986,0.01583646275103092,0.015678460523486138,-0.00015800222754478246,-7.239935325585279e-07,37.52158130645752,0.0057434106066247045,37.973541259765625,34.57703157424927,0.006971810046452671,5.976544914245605,10688.0,614.4,10073.6,-59.875427542754245,10052.606862381515,0.8807790063672543,-0.000295203048780508,3.15,0.20227476755349824,3.15,0.0,-0.3994073200000001,FastCharge_000050_CH32,FastCharge_000050_CH32,1003,9
1.11849447,1.06993168,0.048562789999999856,-0.00029616674347434095,1.0674968,0.04857181699460278,-1.0425196519650494e-06,-0.004983559000000018,0.01594971548765898,0.015946894139051437,-2.8213486075422123e-06,5.386063162357698e-07,36.76788890838623,0.004639049728031934,37.242977142333984,33.973338756561276,0.004235360688931365,5.545851306915283,10700.8,601.6,10099.199999999999,-60.152703270326995,10052.474927101284,0.8800629548931782,-0.00031371164792875827,3.15,0.20227476755349824,3.15,0.0,-0.39228510000000005,FastCharge_000050_CH40,FastCharge_000050_CH40,732,9
1.13321591,1.0763049800000002,0.056910929999999915,-0.0003268596735673587,1.0682120000000002,0.05979378886227763,-2.0306960696071877e-05,-0.005911535999999999,0.01711997352540493,0.017039244063198566,-8.072946220636507e-05,-6.200955158556536e-07,36.624775428771976,0.005194065083693458,37.81881332397461,33.04586404800415,0.0018844991913437516,6.546177158355713,1894.4,640.0,1254.4,-18.217245724572443,2734.141122912277,0.8796073955084949,-0.0002987654517405087,3.15,0.20227476755349824,3.15,0.0,-0.48468346000000007,FastCharge_000051_CH15,FastCharge_000051_CH15,881,4
1.1230886999999998,1.0678613000000001,0.055227399999999705,-0.00031649050705070226,1.0585988000000002,0.05863596111465102,-1.6481802580258326e-05,-0.0057377700000000136,0.017062636278569698,0.016933530010282992,-0.0001291062682867057,-2.5692811929252695e-08,37.046979064941404,0.008033968939496585,38.47616958618164,33.11153486251831,0.004316760720414048,7.09771499633789,1894.4,640.0,1254.4,-18.242592259225926,2733.9970024855543,0.8805829384611152,-0.0002980335278259989,3.15,0.20227476755349824,3.15,0.0,-0.4760764000000002,FastCharge_000051_CH16,FastCharge_000051_CH16,720,4
1.16117406,1.08003326,0.08114080000000001,-0.0004999047668766904,1.0735563,0.0814099192226724,-0.0002207764998499887,-0.004120872999999992,0.01862324457615614,0.017132288217544554,-0.0014909563586115865,-9.294365807370641e-06,38.15011405944824,0.017281667879312353,39.39713668823242,33.30574291229248,0.006761253235613999,7.806224765777588,3827.2,614.4,3212.7999999999997,-19.07288328832883,3200.951154641382,0.8753733829728112,-0.0003488525253416652,3.15,0.20227476755349824,3.15,0.0,-0.65757296,FastCharge_000052_CH41,FastCharge_000052_CH41,532,6
1.1586523499999999,1.07451536,0.08413698999999997,-0.0004972620360035992,1.0648383999999997,0.08708320758503013,-0.00019271401440143873,-0.00530337999999998,0.019048308581113817,0.017759169451892376,-0.0012891391292214407,-6.9178636259872905e-06,37.407424468994144,0.017327515390088956,38.92290115356445,33.1012141418457,0.00918788883588074,7.155904960632324,3827.2,601.6,3225.6,-19.3255805580558,3226.833795781866,0.8741011475729491,-0.00037199988939923034,3.15,0.20227476755349824,3.15,0.0,-0.70481536,FastCharge_000053_CH42,FastCharge_000053_CH42,454,6
1.1583915900000001,1.05372656,0.10466503000000005,-0.0007257922652265237,1.0524901000000002,0.08814930682884556,-0.00041851581998199984,-0.005622737999999996,0.01779961809515953,0.015817048028111458,-0.0019825700670480714,-1.321451984929354e-05,37.28720684051514,0.013208805339457503,38.29935073852539,32.74495784759522,0.0018788104625280938,7.694154682159424,3852.8,588.8,3264.0,-19.443096309630956,3226.1393834736905,0.8743109753566967,-0.0003831383778312176,3.15,0.20227476755349824,3.15,0.0,-0.7038442800000002,FastCharge_000054_CH15,FastCharge_000054_CH15,547,6
1.1730647400000003,1.08661909,0.08644565000000037,-0.0005204996621662163,1.0786781,0.08724968581997002,-0.00021631841284128304,-0.005365147999999995,0.01869532335549593,0.017372843623161317,-0.0013224797323346145,-8.629724056986166e-06,36.72952648162842,0.013664150266650134,38.406009674072266,32.63009225845337,0.002916854975139714,6.50738904953003,3840.0,614.4,3225.6,-18.99991599159915,3212.554954798439,0.8783526324473411,-0.0003664366447713005,3.15,0.20227476755349824,3.15,0.0,-0.7052708399999998,FastCharge_000055_CH20,FastCharge_000055_CH20,533,4
1.16368337,1.07638161,0.0873017599999999,-0.0005284076873687422,1.0708591,0.08734409560685298,-0.00022650210141013778,-0.0058067569999999845,0.01898103393614292,0.0174899285659194,-0.0014911053702235215,-8.784485000087572e-06,37.35446830749512,0.017760813907928847,39.198795318603516,32.71960216522217,0.00653816765648734,7.579510250091553,3827.2,601.6,3225.6,-19.195007500750062,3227.3800802508526,0.876623431545524,-0.00037306943506777067,3.15,0.20227476755349824,3.15,0.0,-0.70532704,FastCharge_000056_CH11,FastCharge_000056_CH11,466,2
1.14169937,1.08160966,0.06008970999999996,-0.0003683238775877588,1.077118,0.059742789439187524,-6.123470147014714e-05,-0.005434073999999987,0.016081030666828155,0.01611592210829258,3.4891441464426215e-05,1.2384753527850264e-06,36.78428371429443,0.008886658570947396,37.48399353027344,33.514846839904784,0.0034865106765193054,6.140576553344727,9075.2,588.8,8486.400000000001,-50.326696669666916,8409.584316575938,0.8817309862036078,-0.00032361652888660843,3.15,0.20227476755349824,3.15,0.0,-0.4825068000000001,FastCharge_000057_CH35,FastCharge_000057_CH35,710,6
1.1566305300000002,1.0955912099999998,0.06103932000000034,-0.00037878564056405473,1.0917602,0.05989015711475337,-6.863925652564908e-05,-0.005523265000000011,0.0169635072350502,0.01695174854248762,-1.1758692562580803e-05,7.35078316585345e-07,30.705033912658692,0.0014153027012296486,31.65890121459961,30.372481384277343,0.00030532791133114953,0.6968851089477539,9062.4,601.6,8460.8,-50.282916291629135,8409.716894164749,0.8805199004884926,-0.00031751185584471826,3.15,0.20227476755349824,3.15,0.0,-0.48326795999999983,FastCharge_000057_CH36,FastCharge_000057_CH36,877,6
1.14237547,1.08341669,0.05895877999999999,-0.00035227240624062235,1.0771072,0.060081536260611225,-4.185737413741374e-05,-0.0051842090000000065,0.016757003590464593,0.016862792894244194,0.00010578930377960066,2.061878994639297e-06,37.65501983642578,0.01290329670784464,38.397422790527344,33.55844213485718,0.0042078880472581175,7.307637748718261,9113.6,665.6,8448.0,-50.28982898289827,8403.359291711857,0.878466250893711,-0.0003475152799369506,3.15,0.20227476755349824,3.15,0.0,-0.4859804000000003,FastCharge_000058_CH45,FastCharge_000058_CH45,703,8
1.1295296899999998,1.06904952,0.06048016999999972,-0.00037366655445544747,1.0662935,0.059276302223415865,-6.944669066906735e-05,-0.00526798900000002,0.01611825730651617,0.01623109485954046,0.0001128375530242906,2.0832740532683293e-06,36.81270904541016,0.00926070233060907,37.72516632080078,33.31599050521851,0.0030728451453848654,6.563518123626709,9113.6,665.6,8448.0,-50.215325532553194,8403.481829241975,0.878691102082674,-0.0003353440798415077,3.15,0.20227476755349824,3.15,0.0,-0.4781275199999997,FastCharge_000058_CH46,FastCharge_000058_CH46,652,8
1.16222703,1.0798581500000002,0.08236887999999976,-0.00048606404440443637,1.0712117,0.08516929763925365,-0.00019305589378937696,-0.004550845000000008,0.018810947239398957,0.01760572027415037,-0.0012052269652485861,-6.1244159342289206e-06,37.83959571838379,0.015212405090606925,39.24919128417969,33.21589805603028,0.006223591994209044,7.580385665893555,3865.6,601.6,3264.0,-19.354767476747668,3227.3800802508526,0.8765632125055254,-0.00034850729957220387,3.15,0.20227476755349824,3.15,0.0,-0.6887923200000001,FastCharge_000059_CH33,FastCharge_000059_CH33,546,2
1.16939803,1.07264792,0.09675010999999989,-0.0006341290765076493,1.0718275,0.08760489299068908,-0.00033244009720972343,-0.005210100000000018,0.018211102671921255,0.016608551889657975,-0.0016025507822632797,-9.866177425472496e-06,37.689091796875,0.015556826541418711,39.08768844604492,33.32450660705567,0.006381404955681093,7.430116577148437,3865.6,614.4,3251.2,-19.28640864086407,3238.7328840767345,0.8750314781793507,-0.0003973740818443197,3.15,0.20227476755349824,3.15,0.0,-0.7029329,FastCharge_000060_CH29,FastCharge_000060_CH29,522,4
1.1684211100000002,1.0828481399999998,0.0855729700000003,-0.0005064036957695787,1.074605,0.08764007117265898,-0.00020096825742574814,-0.00508352999999998,0.018448000214993952,0.01729219201952219,-0.0011558081954717615,-5.819801137213444e-06,37.96633186340332,0.019374144949285032,39.33920669555664,33.10692649841309,0.005218117728520842,7.648189468383789,3852.8,614.4,3238.4,-19.314059405940583,3239.2913239781324,0.8764988409270974,-0.0003846091676016043,3.15,0.20227476755349824,3.15,0.0,-0.7083781200000001,FastCharge_000061_CH43,FastCharge_000061_CH43,494,6
1.1621916899999998,1.0795891899999996,0.08260250000000013,-0.0004820538703870384,1.0683196000000001,0.08655484104796342,-0.00018060054185418736,-0.005297054000000001,0.018887738697230816,0.018011208809912204,-0.0008765298873186118,-2.65140229477885e-06,36.68683933258057,0.017349757856339812,37.89493179321289,32.27914493560791,0.00428552876497367,6.983599510192871,3814.4,614.4,3200.0,-19.108214821482132,3213.8238368647394,0.8727095639019953,-0.0004117605152016903,3.15,0.20227476755349824,3.15,0.0,-0.7009482,FastCharge_000062_CH47,FastCharge_000062_CH47,451,6
1.1410823,1.0847905999999998,0.05629170000000028,-0.0003283538475847613,1.0769014,0.05860891776657967,-2.8718294029400987e-05,-0.005445198,0.016369865834712984,0.016392118483781814,2.2252649068830316e-05,7.675346238563784e-06,30.667672557830812,-0.0007971725784333101,31.69141387939453,29.945986022949217,-0.0022748401549137864,1.2800806617736817,1971.2,729.6,1241.6,-7.354335433543353,1241.8104563901845,0.8877755362373473,-0.00027487615448582405,3.15,0.20227476755349824,3.15,0.0,-0.4750351199999998,FastCharge_000063_CH5,FastCharge_000063_CH5,1227,4
1.1392295799999999,1.0827628599999999,0.05646671999999997,-0.00032833667206720395,1.0760566999999999,0.05878203371065172,-2.9368170417038117e-05,-0.005185613999999992,0.016775154694914817,0.016728671640157698,-4.648305475711892e-05,7.257203828848609e-06,34.38474494934082,0.0015378865614832846,35.65174102783203,31.43268934249878,0.0005898275412562583,4.89575532913208,1971.2,729.6,1241.6,-7.424230423042296,1241.3730101786496,0.885265798633602,-0.00026257003847397715,3.15,0.20227476755349824,3.15,0.0,-0.4760888799999998,FastCharge_000063_CH6,FastCharge_000063_CH6,1227,4
1.1604601799999998,1.07484588,0.08561429999999981,-0.0005047775415541555,1.0661006000000002,0.08813271100539902,-0.00020103425682568165,-0.0054323779999999955,0.01896881591528654,0.01781759299337864,-0.001151222921907901,-5.432597280192464e-06,36.36424331665039,0.014837923871122302,37.465702056884766,32.14451110839844,0.0037144993033239085,6.683044319152832,3840.0,524.8,3315.2,-19.848640864086406,3240.917535266827,0.8721027335838449,-0.00038529958871808125,3.15,0.20227476755349824,3.15,0.0,-0.7126419400000001,FastCharge_000064_CH39,FastCharge_000064_CH39,489,6
1.14950696,1.08927333,0.06023363000000015,-0.0003678083246324631,1.0846132,0.05984913929955699,-5.762901890188771e-05,-0.005242698999999995,0.01637937445193529,0.016379060968756676,-3.134831786134884e-07,1.0077171910642668e-06,36.40297248840332,0.008861144781470293,37.07771682739258,33.13289352416992,0.0031041906833505785,6.02069356918335,9113.6,640.0,8473.6,-50.338217821782145,8431.125547066653,0.8822472573940743,-0.00032158925924271833,3.15,0.20227476755349824,3.15,0.0,-0.48343091999999976,FastCharge_000065_CH33,FastCharge_000065_CH33,871,6
1.13989633,1.08104348,0.05885285000000007,-0.0003583372859285933,1.0762453,0.058948966712088956,-5.40028154815465e-05,-0.0050905929999999966,0.016178511641919614,0.01619949545711279,2.0983815193175576e-05,1.2212378880192048e-06,37.49968643188477,0.008840654466447679,38.17807388305664,33.86699607849121,0.0034360016354417424,6.777967834472657,9126.4,640.0,8486.4,-50.400432043204304,8431.006520600014,0.882730703341243,-0.0003113392232350774,3.15,0.20227476755349824,3.15,0.0,-0.4762633399999998,FastCharge_000065_CH34,FastCharge_000065_CH34,843,6
1.1369718299999998,1.07747088,0.059500949999999886,-0.0003554539327932847,1.0722208999999998,0.060483568985571716,-4.4203853585357334e-05,-0.005343927000000002,0.0166874622926116,0.01668359823524952,-3.86405736207962e-06,9.376836223642317e-07,36.85942714691162,0.006410784762863358,37.59622573852539,33.34424692153931,0.003290407802834821,6.364769973754883,8844.8,704.0,8140.799999999999,-48.3427542754275,8079.64795431088,0.8852158604014564,-0.00031221351499763095,3.15,0.20227476755349824,3.15,0.0,-0.4889407800000003,FastCharge_000066_CH25,FastCharge_000066_CH25,1018,6
1.1367995,1.07824382,0.05855568,-0.00035158022802279774,1.0728924,0.05964405395640478,-4.7350610261022765e-05,-0.00570404200000002,0.016703900694847108,0.01668283883482218,-2.1061860024929047e-05,7.669035956697204e-07,37.980118675231935,0.007447941090800758,38.67087173461914,33.810094604492186,0.003336280344343016,7.405617923736572,8844.8,704.0,8140.799999999999,-48.375013501350104,8079.647954310879,0.8870583413908758,-0.0003015327484719082,3.15,0.20227476755349824,3.15,0.0,-0.48230702000000014,FastCharge_000066_CH26,FastCharge_000066_CH26,855,6
1.1361758100000001,1.07498517,0.061190640000000185,-0.0003720673495349507,1.0702026000000002,0.061424017656115854,-5.263838223822765e-05,-0.0053219080000000175,0.016266395896673204,0.016339148208498955,7.275231182575156e-05,1.8270561421843586e-06,37.280446739196776,0.013812108284497998,37.995704650878906,33.664964790344236,0.004932152249954042,6.845289611816407,9075.2,601.6,8473.6,-50.186138613861345,8409.451542068602,0.8753966555877255,-0.00037758380279122496,3.15,0.20227476755349824,3.15,0.0,-0.49612361999999965,FastCharge_000067_CH41,FastCharge_000067_CH41,618,7
1.1440681600000002,1.08494913,0.05911903000000018,-0.00035649805280527796,1.0789777,0.05993003189650788,-4.661483588358557e-05,-0.0052389569999999955,0.016731000505387783,0.016820188052952288,8.918754756450514e-05,2.0444431830339253e-06,37.38550872802735,0.013324261198092572,38.02487564086914,33.48024559020996,0.004139466146932046,7.051451072692871,8998.4,640.0,8358.4,-49.92806480648062,8409.451542068602,0.8769650940489099,-0.00036416967465805665,3.15,0.20227476755349824,3.15,0.0,-0.48471065999999996,FastCharge_000067_CH42,FastCharge_000067_CH42,626,7
1.16487272,1.08137825,0.08349446999999999,-0.0004835129192919319,1.0712371,0.08756620420288581,-0.00018117704770477004,-0.005432197999999982,0.019371797144412995,0.018291174434125423,-0.0010806227102875716,-4.663267819741305e-06,35.43899421691894,0.0136676414986469,36.404029846191406,31.917931232452393,0.0032815713021192394,5.705188446044922,3852.8,588.8,3264.0,-19.30714671467145,3226.5575721502323,0.874508646265291,-0.00037964887939590316,3.15,0.20227476755349824,3.15,0.0,-0.7085768599999998,FastCharge_000068_CH38,FastCharge_000068_CH38,504,6
1.1618643499999999,1.07665153,0.08521281999999997,-0.0005103976417641728,1.0682162,0.08750677263499472,-0.00019778067266726582,-0.006154143000000003,0.018436756916344166,0.01704181656241417,-0.0013949403539299972,-8.122453870105937e-06,37.33349716186523,0.015638367944460406,38.591678619384766,33.03157688140869,0.006858098567730343,7.114384536743164,3852.8,601.6,3251.2000000000003,-19.492253225322514,3238.4505924901805,0.8784863413527702,-0.00035385279684331896,3.15,0.20227476755349824,3.15,0.0,-0.70730446,FastCharge_000069_CH25,FastCharge_000069_CH25,543,9
1.16016817,1.07334665,0.08682151999999999,-0.000522929471347134,1.0661633,0.08741546884505108,-0.00021878975937593734,-0.005217574,0.018349778652191163,0.01700984239578247,-0.0013399362564086928,-7.806269548656801e-06,37.056808395385744,0.010831860377199819,37.93330764770508,32.58667797088623,0.002570571395823827,7.08890510559082,3840.0,640.0,3200.0,-19.043696369636947,3226.1393834736905,0.8770143043768023,-0.0003586877050881642,3.15,0.20227476755349824,3.15,0.0,-0.7061602200000001,FastCharge_000070_CH46,FastCharge_000070_CH46,516,6
1.1692384400000002,1.08633276,0.08290568000000031,-0.00048348820102010493,1.0743777,0.08727150976399259,-0.00018112461446144408,-0.005507010999999982,0.01922847777605057,0.01820777002722025,-0.0010207077488303198,-4.0395207146499025e-06,36.03339935302734,0.01437918437839875,36.85830307006836,32.09957618713379,0.004058552744007404,6.349117946624756,3827.2,601.6,3225.6,-19.208064806480643,3213.8238368647394,0.8725813884068164,-0.0003902718706125937,3.15,0.20227476755349824,3.15,0.0,-0.7073683,FastCharge_000071_CH40,FastCharge_000071_CH40,482,6
1.16967488,1.0847234399999999,0.08495144000000021,-0.000499817697569758,1.0758885,0.08792085268586658,-0.00019563689948994432,-0.005175238000000013,0.01883984450250864,0.01773129478096962,-0.0011085497215390198,-4.958711640544357e-06,36.409262046813964,0.012516882845206034,37.55376052856445,32.94107429504395,0.0051721901010902925,5.855274467468262,3840.0,588.8,3251.2,-19.25107710771076,3226.6959408038424,0.8777842501873113,-0.00035909568015142957,3.15,0.20227476755349824,3.15,0.0,-0.7110879800000001,FastCharge_000072_CH34,FastCharge_000072_CH34,548,2
1.1588824899999999,1.0749113200000002,0.08397116999999965,-0.0004943930843084302,1.0649502,0.08717602447937747,-0.00019406167416741228,-0.005118062999999995,0.01882718540728092,0.01765981428325176,-0.0011673711240291589,-5.95349152319579e-06,37.806489601135254,0.013269388958243823,38.83897018432617,33.39559839248657,0.005177188338798639,7.263715915679931,3865.6,601.6,3264.0,-19.515295529552937,3238.732884076734,0.8757625346050705,-0.0003412606157328641,3.15,0.20227476755349824,3.15,0.0,-0.7055088200000004,FastCharge_000073_CH35,FastCharge_000073_CH35,528,2
